district,candidate_1,party_1,votes_1,percent_1,winner_1,incumbent_1,flipped,candidate_2,party_2,votes_2,percent_2,winner_2,incumbent_2,total_votes,margin,house_turnout
AK 01,Begich,R,164861.0,50.03,True,False,False,Peltola,D,156985.0,47.64,False,True,321846.0,2.3900000000000006,60.09578848110838
AL 01,Moore,R,258619.0,78.48,True,True,False,Holmes,D,70929.0,21.52,False,False,329548.0,56.96000000000001,59.80636087291865
AL 02,Figures,D,158041.0,54.6,True,False,False,Dobson,R,131414.0,45.4,False,False,289455.0,-9.200000000000003,53.65345048100985
AL 03,Rogers,R,243848.0,100.0,True,True,False,NA,NA,0.0,0.0,NA,NA,243848.0,100.0,43.847301889845895
AL 04,Aderholt,R,274498.0,100.0,True,True,False,NA,NA,0.0,0.0,NA,NA,274498.0,100.0,50.86923084050666
AL 05,Strong,R,250322.0,100.0,True,True,False,NA,NA,0.0,0.0,NA,NA,250322.0,100.0,45.06692831873543
AL 06,Palmer,R,243741.0,70.4,True,True,False,Anderson,D,102504.0,29.6,False,False,346245.0,40.800000000000004,65.51776337575099
AL 07,Sewell,D,186723.0,63.72,True,True,False,Litaker,R,106312.0,36.28,False,False,293035.0,-27.439999999999998,52.86720730310219
AR 01,Crawford,R,194711.0,72.88,True,True,False,Govens,D,64113.0,24.0,False,False,258824.0,48.879999999999995,45.48072783503343
AR 02,Hill,R,180509.0,58.93,True,True,False,Jones,D,125777.0,41.07,False,False,306286.0,17.86,54.16724880403929
AR 03,Womack,R,192101.0,63.8,True,True,False,Draper,D,95652.0,31.77,False,False,287753.0,32.03,53.95554222176388
AR 04,Westerman,R,197046.0,72.91,True,True,False,Howard,D,73207.0,27.09,False,False,270253.0,45.81999999999999,47.72722054940883
AZ 01,Schweikert,R,225538.0,51.91,True,True,False,Shah,D,208966.0,48.09,False,False,434504.0,3.819999999999993,70.72983729845438
AZ 02,Crane,R,221413.0,54.48,True,True,False,Nez,D,184963.0,45.52,False,False,406376.0,8.959999999999994,65.38421933324751
AZ 03,Ansari,D,143336.0,70.94,True,False,False,Zink,R,53705.0,26.58,False,False,197041.0,-44.36,42.989669353870994
AZ 04,Stanton,D,176428.0,52.74,True,True,False,Cooper,R,152052.0,45.45,False,False,328480.0,-7.289999999999999,56.19942171807901
AZ 05,Biggs,R,255628.0,60.39,True,True,False,Schaffner,D,167680.0,39.61,False,False,423308.0,20.78,73.39222400416106
AZ 06,Ciscomani,R,215596.0,50.01,True,True,False,Engel,D,204774.0,47.5,False,False,420370.0,2.509999999999998,67.58577446220136
AZ 07,Grijalva,D,171954.0,63.45,True,True,False,Butierez,R,99057.0,36.55,False,False,271011.0,-26.900000000000006,50.29013073047626
AZ 08,Hamadeh,R,208269.0,56.5,True,False,False,Whitten,D,160344.0,43.5,False,False,368613.0,13.0,62.15494347067304
AZ 09,Gosar,R,249583.0,65.3,True,True,False,Smith,D,132640.0,34.7,False,False,382223.0,30.599999999999994,62.53239316798639
CA 01,LaMalfa,R,208592.0,65.34,True,True,False,Yee,D,110636.0,34.66,False,False,319228.0,30.680000000000007,57.79608389835879
CA 02,Huffman,D,272883.0,71.88,True,True,False,Coulombe,R,106734.0,28.12,False,False,379617.0,-43.75999999999999,67.61970074812967
CA 03,Kiley,R,234246.0,55.47,True,True,False,Morse,D,188067.0,44.53,False,False,422313.0,10.939999999999998,72.87792503623939
CA 04,Thompson,D,227730.0,66.46,True,True,False,Munn,R,114950.0,33.54,False,False,342680.0,-32.919999999999995,62.83152577489709
CA 05,McClintock,R,227643.0,61.77,True,True,False,Barkley,D,140919.0,38.23,False,False,368562.0,23.540000000000006,65.35888137186228
CA 06,Bera,D,165408.0,57.62,True,True,False,Bish,R,121664.0,42.38,False,False,287072.0,-15.239999999999995,55.74646574491222
CA 07,Matsui,D,197429.0,66.75,True,True,False,Silva,R,98341.0,33.25,False,False,295770.0,-33.5,55.811452131825
CA 08,Garamendi,D,201962.0,73.97,True,True,False,Recile,R,71068.0,26.03,False,False,273030.0,-47.94,55.10970268251821
CA 09,Harder,D,130183.0,51.79,True,True,False,Lincoln,R,121174.0,48.21,False,False,251357.0,-3.5799999999999983,52.05479735746681
CA 10,DeSaulnier,D,242325.0,66.47,True,True,False,Piccinini,R,122219.0,33.53,False,False,364544.0,-32.94,69.88555106109695
CA 11,Pelosi,D,274796.0,81.0,True,True,False,Lou,R,64315.0,19.0,False,False,339111.0,-62.0,62.405984596840234
CA 12,Simon,D,185176.0,65.43,True,False,False,Tran,D,97849.0,34.57,False,False,283025.0,-30.860000000000007,54.30621780050464
CA 13,Gray,D,105554.0,50.04,True,False,False,Duarte,R,105367.0,49.96,False,True,210921.0,-0.0799999999999983,49.16057756179421
CA 14,Swalwell,D,187263.0,67.75,True,True,False,Kruttiventi,R,89125.0,32.25,False,False,276388.0,-35.5,58.38299130765412
CA 15,Mullin,D,211648.0,73.1,True,True,False,Kramer,R,77896.0,26.9,False,False,289544.0,-46.199999999999996,59.067708439584656
CA 16,Liccardo,D,179583.0,58.22,True,False,False,Low,D,128893.0,41.78,False,False,308476.0,-16.439999999999998,63.84882072298633
CA 17,Khanna,D,172462.0,67.66,True,True,False,Chen,R,82415.0,32.34,False,False,254877.0,-35.31999999999999,60.286677310626224
CA 18,Lofgren,D,147674.0,64.63,True,True,False,Hernandez,R,80832.0,35.37,False,False,228506.0,-29.259999999999998,54.98153294594628
CA 19,Panetta,D,252458.0,69.3,True,True,False,Anderson,R,111862.0,30.7,False,False,364320.0,-38.599999999999994,67.57929883138564
CA 20,Fong,R,187862.0,65.05,True,True,False,Boudreaux,R,100926.0,34.95,False,False,288788.0,30.099999999999994,54.65432729612597
CA 21,Costa,D,102798.0,52.57,True,True,False,Maher,R,92733.0,47.43,False,False,195531.0,-5.140000000000001,43.80812618324801
CA 22,Valadao,R,89484.0,53.42,True,True,False,Salas,D,78023.0,46.58,False,False,167507.0,6.840000000000003,40.186409164517485
CA 23,Obernolte,R,159286.0,60.14,True,True,False,Marshall,D,105563.0,39.86,False,False,264849.0,20.28,51.571691444928
CA 24,Carbajal,D,214724.0,62.7,True,True,False,Cole,R,127755.0,37.3,False,False,342479.0,-25.400000000000006,63.99144237147208
CA 25,Ruiz,D,137837.0,56.25,True,True,False,Weeks,R,107194.0,43.75,False,False,245031.0,-12.5,50.3402157164869
CA 26,Brownley,D,187393.0,56.05,True,True,False,Koslow,R,146913.0,43.95,False,False,334306.0,-12.099999999999994,66.04097113846032
CA 27,Whitesides,D,154040.0,51.33,True,False,False,Garcia,R,146050.0,48.67,False,True,300090.0,-2.6599999999999966,60.19799199606825
CA 28,Chu,D,204489.0,64.93,True,True,False,Verlato,R,110455.0,35.07,False,False,314944.0,-29.860000000000007,60.81584969055642
CA 29,Rivas,D,146312.0,69.78,True,False,False,Bernal,R,63374.0,30.22,False,False,209686.0,-39.56,47.35884000361369
CA 30,Friedman,D,213100.0,68.38,True,False,False,Balekian,R,98559.0,31.62,False,False,311659.0,-36.75999999999999,57.14843678371688
CA 31,Cisneros,D,148095.0,59.73,True,False,False,Martinez,R,99856.0,40.27,False,False,247951.0,-19.459999999999994,51.29260144185517
CA 32,Sherman,D,212934.0,66.2,True,True,False,Thompson,R,108711.0,33.8,False,False,321645.0,-32.400000000000006,59.294319344461755
CA 33,Aguilar,D,137197.0,58.81,True,True,False,Herman,R,96078.0,41.19,False,False,233275.0,-17.620000000000005,49.156060350640594
CA 34,Gomez,D,105394.0,55.64,True,True,False,Kim,D,84020.0,44.36,False,False,189414.0,-11.280000000000001,44.27474492479226
CA 35,Torres,D,136413.0,58.41,True,True,False,Cargile,R,97142.0,41.59,False,False,233555.0,-16.819999999999993,49.32159185699051
CA 36,Lieu,D,246002.0,68.72,True,True,False,Toomim,R,111985.0,31.28,False,False,357987.0,-37.44,65.81732271883216
CA 37,Kamlager-Dove,D,160364.0,78.3,True,True,False,Rey,NX,44450.0,21.7,False,False,204814.0,-56.599999999999994,47.16662636590786
CA 38,Sanchez,D,165110.0,59.84,True,True,False,Ching,R,110818.0,40.16,False,False,275928.0,-19.680000000000007,54.33150868349546
CA 39,Takano,D,130191.0,56.69,True,True,False,Serpa,R,99469.0,43.31,False,False,229660.0,-13.379999999999995,47.75777992659368
CA 40,Kim,R,211998.0,55.26,True,True,False,Kerr,D,171637.0,44.74,False,False,383635.0,10.519999999999996,71.69139632232022
CA 41,Calvert,R,183216.0,51.69,True,True,False,Rollins,D,171229.0,48.31,False,False,354445.0,3.3799999999999955,64.05381716980962
CA 42,Garcia,D,159153.0,68.14,True,True,False,Briscoe,R,74410.0,31.86,False,False,233563.0,-36.28,51.459763150647206
CA 43,Waters,D,160080.0,75.07,True,True,False,Williams,R,53152.0,24.93,False,False,213232.0,-50.13999999999999,49.717756508154864
CA 44,Barragan,D,164765.0,71.37,True,True,False,Groh,R,66087.0,28.63,False,False,230852.0,-42.74000000000001,49.71615626480596
CA 45,Tran,D,158264.0,50.1,True,False,False,Steel,R,157611.0,49.9,False,True,315875.0,-0.20000000000000284,62.59288615872387
CA 46,Correa,D,134013.0,63.43,True,True,False,Pan,R,77279.0,36.57,False,False,211292.0,-26.86,48.25230080613853
CA 47,Min,D,181721.0,51.44,True,False,False,Baugh,R,171554.0,48.56,False,False,353275.0,-2.8799999999999955,66.63240189745089
CA 48,Issa,R,213625.0,59.29,True,True,False,Houlahan,D,146665.0,40.71,False,False,360290.0,18.58,67.14750309841305
CA 49,Levin,D,197397.0,52.17,True,True,False,Gunderson,R,180950.0,47.83,False,False,378347.0,-4.340000000000003,69.82955436818841
CA 50,Peters,D,231836.0,64.27,True,True,False,Bono,R,128859.0,35.73,False,False,360695.0,-28.54,65.70275784181572
CA 51,Jacobs,D,198835.0,60.7,True,True,False,Wells,R,128749.0,39.3,False,False,327584.0,-21.400000000000006,60.028953106961566
CA 52,Vargas,D,172217.0,66.31,True,True,False,Lee,R,87501.0,33.69,False,False,259718.0,-32.620000000000005,53.232355322354195
CO 01,DeGette,D,264606.0,76.56,True,True,False,Archuleta,R,74598.0,21.58,False,False,339204.0,-54.980000000000004,62.90292072322671
CO 02,Neguse,D,284994.0,68.36,True,True,False,Dawson,R,120633.0,28.94,False,False,405627.0,-39.42,72.24954357216012
CO 03,Hurd,R,201951.0,50.8,True,False,False,Frisch,D,182147.0,45.82,False,False,384098.0,4.979999999999997,69.39690684396906
CO 04,Boebert,R,240213.0,53.64,True,False,False,Calvarese,D,188249.0,42.04,False,False,428462.0,11.600000000000001,78.85706923841425
CO 05,Crank,R,197924.0,54.66,True,False,False,Gassen,D,147972.0,40.87,False,False,345896.0,13.79,64.30488938464399
CO 06,Crow,D,202686.0,58.97,True,True,False,Fabbricatore,R,132174.0,38.46,False,False,334860.0,-20.509999999999998,66.8489978439671
CO 07,Pettersen,D,235688.0,55.34,True,True,False,Matveyuk,R,175273.0,41.15,False,False,410961.0,-14.190000000000005,71.9614418168924
CO 08,Evans,R,163320.0,48.96,True,False,False,Caraveo,D,160871.0,48.22,False,True,324191.0,0.740000000000002,65.35779446600473
CT 01,Larson,D,208649.0,63.13,True,True,False,Griffin,R,115065.0,34.82,False,False,323714.0,-28.310000000000002,60.853643635269904
CT 02,Courtney,D,218162.0,58.02,True,True,False,France,R,157878.0,41.98,False,False,376040.0,-16.040000000000006,67.10805746408495
CT 03,DeLauro,D,193684.0,58.91,True,True,False,Massey,R,135113.0,41.09,False,False,328797.0,-17.819999999999993,60.9272590821914
CT 04,Himes,D,200791.0,61.06,True,True,False,Goldstein,R,122793.0,37.34,False,False,323584.0,-23.72,66.73073353818233
CT 05,Hayes,D,180268.0,53.41,True,True,False,Logan,R,157258.0,46.59,False,False,337526.0,-6.819999999999993,64.32558627064215
DE 01,McBride,D,287830.0,57.86,True,False,False,Whalen,R,209606.0,42.14,False,False,497436.0,-15.719999999999999,66.1906536086864
FL 01,Gaetz,R,274108.0,66.04,True,True,False,Valimont,D,140980.0,33.96,False,False,415088.0,32.080000000000005,70.17429967371642
FL 02,Dunn,R,247957.0,61.64,True,True,False,Bailey,D,154323.0,38.36,False,False,402280.0,23.28,66.08947083080056
FL 03,Cammack,R,241174.0,61.61,True,True,False,Wells,D,150283.0,38.39,False,False,391457.0,23.22,64.7057753975338
FL 04,Bean,R,222364.0,57.27,True,True,False,Holloway,D,165912.0,42.73,False,False,388276.0,14.540000000000006,66.42021981781636
FL 05,Rutherford,R,267471.0,63.08,True,True,False,McGovern,D,156570.0,36.92,False,False,424041.0,26.159999999999997,72.82924567188788
FL 06,Waltz,R,284414.0,66.54,True,True,False,Stockton,D,143050.0,33.46,False,False,427464.0,33.080000000000005,67.76430303894992
FL 07,Mills,R,233937.0,56.53,True,True,False,Adams,D,179917.0,43.47,False,False,413854.0,13.060000000000002,69.54243753255702
FL 08,Haridopolos,R,280352.0,62.24,True,False,False,Kennedy,D,170096.0,37.76,False,False,450448.0,24.480000000000004,71.96344697574848
FL 09,Soto,D,178785.0,55.13,True,True,False,Chalifoux,R,138076.0,42.58,False,False,316861.0,-12.550000000000004,60.937737391220736
FL 10,Frost,D,181455.0,62.37,True,True,False,Montague,R,109460.0,37.63,False,False,290915.0,-24.739999999999995,52.74212262953697
FL 11,Webster,R,269277.0,60.38,True,True,False,Harden Hall,D,176726.0,39.62,False,False,446003.0,20.760000000000005,75.7072897481816
FL 12,Bilirakis,R,306487.0,71.04,True,True,False,Aboujaoude,D,124949.0,28.96,False,False,431436.0,42.080000000000005,69.36270096463024
FL 13,Luna,R,225636.0,54.82,True,True,False,Fox,D,185930.0,45.18,False,False,411566.0,9.64,66.59536253458683
FL 14,Castor,D,199423.0,56.95,True,True,False,Rochford,R,145643.0,41.59,False,False,345066.0,-15.36,60.93988414806443
FL 15,Lee,R,195334.0,56.18,True,True,False,Kemp,D,152361.0,43.82,False,False,347695.0,12.36,61.00019298584186
FL 16,Buchanan,R,247516.0,59.48,True,True,False,Schneider,D,168625.0,40.52,False,False,416141.0,18.959999999999994,71.05626227268846
FL 17,Steube,R,291347.0,63.9,True,True,False,Lopez,D,164566.0,36.1,False,False,455913.0,27.799999999999997,70.8775884584292
FL 18,Franklin,R,225170.0,65.3,True,True,False,Kale,D,119637.0,34.7,False,False,344807.0,30.599999999999994,59.611358430219994
FL 19,Donalds,R,275708.0,66.32,True,True,False,Lerner,D,140038.0,33.68,False,False,415746.0,32.63999999999999,67.98511916928989
FL 20,Cherfilus-McCormick,D,0.0,100.0,True,True,False,NA,NA,0.0,0.0,NA,NA,0.0,-100.0,0.0
FL 21,Mast,R,277435.0,61.82,True,True,False,Witkop,D,171312.0,38.18,False,False,448747.0,23.64,74.4987590374447
FL 22,Frankel,D,201608.0,54.96,True,True,False,Franzese,R,165248.0,45.04,False,False,366856.0,-9.920000000000002,67.9879167516077
FL 23,Moskowitz,D,196311.0,52.45,True,True,False,Kaufman,R,178006.0,47.55,False,False,374317.0,-4.900000000000006,68.19153975078336
FL 24,Wilson,D,194874.0,68.24,True,True,False,Navarro,R,90692.0,31.76,False,False,285566.0,-36.47999999999999,59.91167430687408
FL 25,Wasserman Schultz,D,186942.0,54.48,True,True,False,Eddy,R,156208.0,45.52,False,False,343150.0,-8.959999999999994,67.2315830721003
FL 26,Diaz-Balart,R,217199.0,70.92,True,True,False,Atkins,D,89072.0,29.08,False,False,306271.0,41.84,66.36999956659298
FL 27,Salazar,R,199159.0,60.38,True,True,False,Baez-Geller,D,130708.0,39.62,False,False,329867.0,20.760000000000005,70.50549309622536
FL 28,Gimenez,R,210057.0,64.57,True,True,False,Ehr,D,115280.0,35.43,False,False,325337.0,29.139999999999993,66.60736221439686
GA 01,Carter,R,220576.0,61.98,True,True,False,Hewitt,D,135281.0,38.02,False,False,355857.0,23.959999999999994,61.59199674608189
GA 02,Bishop,D,176028.0,56.33,True,True,False,Johnson,R,136473.0,43.67,False,False,312501.0,-12.659999999999997,55.36969117099878
GA 03,Jack,R,273036.0,66.31,True,False,False,Keller,D,138749.0,33.69,False,False,411785.0,32.620000000000005,71.99101390746424
GA 04,Johnson,D,229290.0,75.58,True,True,False,Yu,R,74071.0,24.42,False,False,303361.0,-51.16,57.45908780968255
GA 05,Williams,D,294470.0,85.68,True,True,False,Salvesen,R,49221.0,14.32,False,False,343691.0,-71.36000000000001,59.029094531464686
GA 06,McBath,D,277027.0,74.68,True,True,False,Criswell,R,93909.0,25.32,False,False,370936.0,-49.36000000000001,71.25300140225514
GA 07,McCormick,R,275907.0,64.85,True,True,False,Christian,D,149535.0,35.15,False,False,425442.0,29.699999999999996,91.1830768571306
GA 08,Scott,R,231547.0,68.92,True,True,False,Butler,D,104434.0,31.08,False,False,335981.0,37.84,59.15002244659032
GA 09,Clyde,R,271062.0,69.0,True,True,False,Cash,D,121754.0,31.0,False,False,392816.0,38.0,71.23523171361992
GA 10,Collins,R,256442.0,63.05,True,True,False,Doherty,D,150274.0,36.95,False,False,406716.0,26.099999999999994,69.74107479680373
GA 11,Loudermilk,R,269849.0,67.31,True,True,False,Stamper,D,131064.0,32.69,False,False,400913.0,34.620000000000005,72.61403874192877
GA 12,Allen,R,205849.0,60.32,True,True,False,Johnson,D,135417.0,39.68,False,False,341266.0,20.64,59.272780957177964
GA 13,Scott,D,256902.0,71.83,True,True,False,Chavez,R,100730.0,28.17,False,False,357632.0,-43.66,66.79840863669475
GA 14,Greene,R,243446.0,64.37,True,True,False,Harris,D,134759.0,35.63,False,False,378205.0,28.740000000000002,67.56254633475352
HI 01,Case,D,164237.0,71.84,True,True,False,Largey,R,64373.0,28.16,False,False,228610.0,-43.68000000000001,43.55305772528101
HI 02,Tokuda,D,166251.0,66.46,True,True,False,Bond,R,75471.0,30.17,False,False,241722.0,-36.28999999999999,45.98491405960183
IA 01,Miller-Meeks,R,206955.0,50.1,True,True,False,Bohannan,D,206156.0,49.9,False,False,413111.0,0.20000000000000284,68.53599661559646
IA 02,Hinson,R,233340.0,57.13,True,True,False,Corkery,D,169740.0,41.56,False,False,403080.0,15.57,66.86018544628195
IA 03,Nunn,R,213746.0,51.92,True,True,False,Baccam,D,197962.0,48.08,False,False,411708.0,3.8400000000000034,71.17434523295012
IA 04,Feenstra,R,250522.0,67.22,True,True,False,Melton,D,122175.0,32.78,False,False,372697.0,34.44,63.561122859676644
ID 01,Fulcher,R,331049.0,71.01,True,True,False,Peterson,D,118656.0,25.45,False,False,449705.0,45.56,63.72151019858728
ID 02,Simpson,R,250119.0,61.38,True,True,False,Roth,D,126229.0,30.98,False,False,376348.0,30.400000000000002,56.12819996569801
IL 01,Jackson,D,208398.0,65.85,True,True,False,Lewis,R,108064.0,34.15,False,False,316462.0,-31.699999999999996,56.74768902477294
IL 02,Kelly,D,195777.0,67.56,True,True,False,Ramos,R,94004.0,32.44,False,False,289781.0,-35.120000000000005,53.732801780085296
IL 03,Ramirez,D,174825.0,67.29,True,True,False,Booras,R,84987.0,32.71,False,False,259812.0,-34.580000000000005,54.67136619496028
IL 04,Garcia,D,139343.0,67.52,True,True,False,Castillo,R,56323.0,27.29,False,False,195666.0,-40.23,44.73285933106239
IL 05,Quigley,D,251025.0,68.97,True,True,False,Hanson,R,112931.0,31.03,False,False,363956.0,-37.94,65.99024531757112
IL 06,Casten,D,196647.0,54.21,True,True,False,Conforti,R,166116.0,45.79,False,False,362763.0,-8.420000000000002,66.6408869212187
IL 07,Davis,D,222408.0,83.3,True,True,False,Koppie,R,44598.0,16.7,False,False,267006.0,-66.6,49.451965995592026
IL 08,Krishnamoorthi,D,172920.0,57.06,True,True,False,Rice,R,130153.0,42.94,False,False,303073.0,-14.120000000000005,60.83421150352773
IL 09,Schakowsky,D,231722.0,68.39,True,True,False,Cohen,R,107106.0,31.61,False,False,338828.0,-36.78,64.42331824922995
IL 10,Schneider,D,196358.0,59.98,True,True,False,Carris,R,131025.0,40.02,False,False,327383.0,-19.959999999999994,64.17953166504935
IL 11,Foster,D,199825.0,55.59,True,True,False,Evans,R,159630.0,44.41,False,False,359455.0,-11.180000000000007,69.19915295023583
IL 12,Bost,R,272754.0,74.19,True,True,False,Roberts,D,94875.0,25.81,False,False,367629.0,48.379999999999995,63.66641844033043
IL 13,Budzinski,D,191339.0,58.11,True,True,False,Loyd,R,137917.0,41.89,False,False,329256.0,-16.22,57.71156138259833
IL 14,Underwood,D,183446.0,55.1,True,True,False,Marter,R,149464.0,44.9,False,False,332910.0,-10.200000000000003,62.928378352834436
IL 15,Miller,R,308825.0,100.0,True,True,False,NA,NA,0.0,0.0,NA,NA,308825.0,100.0,53.17143299874314
IL 16,LaHood,R,310925.0,100.0,True,True,False,NA,NA,0.0,0.0,NA,NA,310925.0,100.0,55.30800291726702
IL 17,Sorensen,D,170261.0,54.43,True,True,False,McGraw,R,142567.0,45.57,False,False,312828.0,-8.86,55.76803429926285
IN 01,Mrvan,D,172467.0,53.44,True,True,False,Niemeyer,R,145056.0,44.95,False,False,317523.0,-8.489999999999995,56.10789606212947
IN 02,Yakym,R,184848.0,62.74,True,True,False,Camp,D,101962.0,34.61,False,False,286810.0,28.130000000000003,52.87941222563308
IN 03,Stutzman,R,202653.0,65.05,True,False,False,Adolph,D,97871.0,31.42,False,False,300524.0,33.629999999999995,54.781166262600486
IN 04,Baird,R,209794.0,64.83,True,True,False,Holder,D,100091.0,30.93,False,False,309885.0,33.9,55.32672737011248
IN 05,Spartz,R,203293.0,56.6,True,True,False,Pickett,D,136554.0,38.02,False,False,339847.0,18.58,59.77013313635484
IN 06,Shreve,R,201357.0,63.94,True,False,False,Wirth,D,99841.0,31.7,False,False,301198.0,32.239999999999995,55.22566213478305
IN 07,Carson,D,185987.0,68.34,True,True,False,Schmitz,R,78792.0,28.95,False,False,264779.0,-39.39,51.25217761604274
IN 08,Messmer,R,219941.0,67.96,True,False,False,Hurt,D,95311.0,29.45,False,False,315252.0,38.50999999999999,54.64681308395015
IN 09,Houchin,R,222884.0,64.47,True,True,False,Peck,D,113400.0,32.8,False,False,336284.0,31.67,57.93055926407635
KS 01,Mann,R,210493.0,69.14,True,True,False,Buskirk,D,93965.0,30.86,False,False,304458.0,38.28,56.92293310398983
KS 02,Schmidt,R,172847.0,57.09,True,False,False,Boyda,D,115685.0,38.21,False,False,288532.0,18.880000000000003,54.613630125966516
KS 03,Davids,D,209871.0,53.36,True,True,False,Reddy,R,167570.0,42.6,False,False,377441.0,-10.759999999999998,70.83571053224233
KS 04,Estes,R,198465.0,65.05,True,True,False,Freeman,D,106632.0,34.95,False,False,305097.0,30.099999999999994,57.9178966351858
KY 01,Comer,R,252729.0,74.72,True,True,False,Marshall,D,85524.0,25.28,False,False,338253.0,49.44,58.930634075803376
KY 02,Guthrie,R,252826.0,73.1,True,True,False,Linderman,D,93029.0,26.9,False,False,345855.0,46.199999999999996,61.03826197451555
KY 03,McGarvey,D,203100.0,61.96,True,True,False,Craven,R,124713.0,38.04,False,False,327813.0,-23.92,60.28689391361919
KY 04,Massie,R,278386.0,100.0,True,True,False,NA,NA,0.0,0.0,NA,NA,278386.0,100.0,49.415293950582225
KY 05,Rogers,R,261407.0,100.0,True,True,False,NA,NA,0.0,0.0,NA,NA,261407.0,100.0,45.198755079104345
KY 06,Barr,R,222293.0,63.04,True,True,False,Cravens,D,130345.0,36.96,False,False,352638.0,26.08,62.78048780487805
LA 01,Scalise,R,238842.0,66.77,True,True,False,Manuel,D,85911.0,24.02,False,False,324753.0,42.75,57.50639691885431
LA 02,Carter,D,184009.0,60.29,True,True,False,Lynch,R,41641.0,13.64,False,False,225650.0,-46.65,40.0347742776797
LA 03,Higgins,R,226279.0,70.56,True,True,False,Gonzalez,D,59834.0,18.66,False,False,286113.0,51.900000000000006,50.67848697669888
LA 04,Johnson,R,262821.0,85.82,True,True,False,Morott,R,43427.0,14.18,False,False,306248.0,71.63999999999999,53.43569789658271
LA 05,Letlow,R,201037.0,62.85,True,True,False,Vallien,D,82981.0,25.94,False,False,284018.0,36.91,48.83390646492435
LA 06,Fields,D,150323.0,50.78,True,False,False,Guillory,R,111737.0,37.74,False,False,262060.0,-13.04,45.72395683390475
MA 01,Neal,D,223325.0,62.58,True,True,False,Milleron,I,133552.0,37.42,False,False,356877.0,-25.159999999999997,59.25236593059937
MA 02,McGovern,D,251441.0,68.79,True,True,False,Shea,I,114065.0,31.21,False,False,365506.0,-37.580000000000005,63.716409974810205
MA 03,Trahan,D,264698.0,100.0,True,True,False,NA,NA,0.0,0.0,NA,NA,264698.0,-100.0,48.662193216288266
MA 04,Auchincloss,D,289347.0,100.0,True,True,False,NA,NA,0.0,0.0,NA,NA,289347.0,-100.0,50.64002940249921
MA 05,Clark,D,286689.0,100.0,True,True,False,NA,NA,0.0,0.0,NA,NA,286689.0,-100.0,53.865622005523925
MA 06,Moulton,D,321186.0,100.0,True,True,False,NA,NA,0.0,0.0,NA,NA,321186.0,-100.0,55.218381714560785
MA 07,Pressley,D,232094.0,100.0,True,True,False,NA,NA,0.0,0.0,NA,NA,232094.0,-100.0,44.138180227637946
MA 08,Lynch,D,265432.0,70.58,True,True,False,Burke,R,110638.0,29.42,False,False,376070.0,-41.16,65.17056433095632
MA 09,Keating,D,251931.0,56.52,True,True,False,Sullivan,R,193822.0,43.48,False,False,445753.0,-13.040000000000006,72.80096032925574
MD 01,Harris,R,246356.0,59.51,True,True,False,Miller,D,154985.0,37.44,False,False,401341.0,22.07,67.84910062212604
MD 02,Olszewski,D,223797.0,58.27,True,False,False,Klacik,R,152079.0,39.6,False,False,375876.0,-18.67,65.5979057591623
MD 03,Elfreth,D,236681.0,59.42,True,False,False,Steinberger,R,151186.0,37.95,False,False,387867.0,-21.47,69.6825482375768
MD 04,Ivey,D,239596.0,88.72,True,True,False,McDermott,R,30454.0,11.28,False,False,270050.0,-77.44,57.35859476221831
MD 05,Hoyer,D,283619.0,67.92,True,True,False,Talkington,R,133985.0,32.08,False,False,417604.0,-35.84,71.90832465195568
MD 06,McClain Delaney,D,199788.0,53.17,True,False,False,Parrott,R,175974.0,46.83,False,False,375762.0,-6.340000000000003,67.92270706048227
MD 07,Mfume,D,232849.0,80.43,True,True,False,Collier,R,49799.0,17.2,False,False,282648.0,-63.230000000000004,50.39546410869023
MD 08,Raskin,D,292101.0,76.96,True,True,False,Riley,R,77821.0,20.5,False,False,369922.0,-56.459999999999994,73.46427294753147
ME 01,Pingree,D,249948.0,58.69,True,True,False,Russell,R,155076.0,36.41,False,False,405024.0,-22.28,73.24719009684333
ME 02,Golden,D,197151.0,50.47,True,True,False,Theriault,R,194445.0,49.78,False,False,391596.0,-0.6899999999999977,71.03073616237836
MI 01,Bergman,R,282264.0,59.15,True,True,False,Barr,D,180937.0,37.92,False,False,463201.0,21.229999999999997,73.18013776541962
MI 02,Moolenaar,R,279167.0,65.14,True,True,False,Lynch,D,135824.0,31.69,False,False,414991.0,33.45,68.19621215233556
MI 03,Scholten,D,225510.0,53.66,True,True,False,Hudson,R,183952.0,43.77,False,False,409462.0,-9.889999999999993,72.31691701768794
MI 04,Huizenga,R,234489.0,55.07,True,True,False,Swartz,D,184641.0,43.36,False,False,419130.0,11.71,72.77131025861395
MI 05,Walberg,R,269215.0,65.68,True,True,False,Urban,D,134282.0,32.76,False,False,403497.0,32.92000000000001,67.60782145370463
MI 06,Dingell,D,281162.0,62.02,True,True,False,Smiley,R,158658.0,35.0,False,False,439820.0,-27.020000000000003,76.94878187464462
MI 07,Barrett,R,226722.0,50.28,True,False,False,Hertel,D,209959.0,46.56,False,False,436681.0,3.719999999999999,73.47079211252439
MI 08,McDonald Rivet,D,217490.0,51.25,True,False,False,Junge,R,189317.0,44.61,False,False,406807.0,-6.640000000000001,68.12475927321444
MI 09,McClain,R,312593.0,66.76,True,True,False,St. Mosley,D,138138.0,29.5,False,False,450731.0,37.260000000000005,75.56134851050275
MI 10,James,R,217437.0,51.13,True,True,False,Marlinga,D,191363.0,44.99,False,False,408800.0,6.140000000000001,69.9970035529301
MI 11,Stevens,D,260780.0,58.22,True,True,False,Somberg,R,177432.0,39.61,False,False,438212.0,-18.61,75.46986540829595
MI 12,Tlaib,D,253354.0,69.7,True,True,False,Hooper,R,92490.0,25.44,False,False,345844.0,-44.260000000000005,61.54738706032051
MI 13,Thanedar,D,220788.0,68.65,True,True,False,Bivings,R,78917.0,24.54,False,False,299705.0,-44.11000000000001,54.14088679739507
MN 01,Finstad,R,220929.0,58.55,True,True,False,Bohman,D,156375.0,41.45,False,False,377304.0,17.099999999999994,71.28223536301978
MN 02,Craig,D,231751.0,55.59,True,True,False,Teirab,R,175621.0,42.13,False,False,407372.0,-13.46,78.30161842155844
MN 03,Morrison,D,240209.0,58.5,True,False,False,Jude,R,170427.0,41.5,False,False,410636.0,-17.0,80.66712503683333
MN 04,McCollum,D,242802.0,67.37,True,True,False,Xiong,R,117618.0,32.63,False,False,360420.0,-34.74,70.63111790470032
MN 05,Omar,D,261066.0,75.17,True,True,False,Al-Aqidi,R,86213.0,24.83,False,False,347279.0,-50.34,66.22848588292506
MN 06,Emmer,R,260095.0,62.53,True,True,False,Hendricks,D,155836.0,37.47,False,False,415931.0,25.060000000000002,79.01649933033806
MN 07,Fischbach,R,275098.0,70.52,True,True,False,Peters,D,114979.0,29.48,False,False,390077.0,41.03999999999999,72.89251410845759
MN 08,Stauber,R,244498.0,58.04,True,True,False,Schultz,D,176724.0,41.96,False,False,421222.0,16.08,74.81142715058299
MO 01,Bell,D,233312.0,75.93,True,False,False,Jones,R,56453.0,18.37,False,False,289765.0,-57.56,50.65821678321678
MO 02,Wagner,R,233444.0,54.49,True,True,False,Hartmann,D,182056.0,42.5,False,False,415500.0,11.990000000000002,71.98607056540683
MO 03,Onder,R,240620.0,61.31,True,False,False,Mann,D,138532.0,35.3,False,False,379152.0,26.010000000000005,63.52816989904914
MO 04,Alford,R,259886.0,71.07,True,True,False,Cass,D,96568.0,26.41,False,False,356454.0,44.66,60.60133119118659
MO 05,Cleaver,D,199900.0,60.22,True,True,False,Smith,R,120957.0,36.44,False,False,320857.0,-23.78,56.5078107113295
MO 06,Graves,R,265210.0,70.69,True,True,False,May,D,100999.0,26.92,False,False,366209.0,43.769999999999996,62.65713088037778
MO 07,Burlison,R,263231.0,71.56,True,True,False,Hesketh,D,96655.0,26.27,False,False,359886.0,45.290000000000006,61.461190333874136
MO 08,Smith,R,271249.0,76.18,True,True,False,McCallian,D,77649.0,21.81,False,False,348898.0,54.370000000000005,59.02920177308564
MS 01,Kelly,R,223589.0,69.81,True,True,False,Black,D,96697.0,30.19,False,False,320286.0,39.620000000000005,57.42774151904181
MS 02,Thompson,D,177885.0,62.02,True,True,False,Eller,R,108956.0,37.98,False,False,286841.0,-24.040000000000006,52.405886598032325
MS 03,Guest,R,263239.0,100.0,True,True,False,NA,NA,0.0,0.0,NA,NA,263239.0,100.0,47.26056786865232
MS 04,Ezell,R,215095.0,73.95,True,True,False,Raybon,D,75771.0,26.05,False,False,290866.0,47.900000000000006,51.93015657638678
MT 01,Zinke,R,168529.0,52.29,True,True,False,Tranel,D,143783.0,44.62,False,False,312312.0,7.670000000000002,70.94855688956031
MT 02,Downing,R,181832.0,65.99,True,False,False,Driscoll,D,93713.0,34.01,False,False,275545.0,31.979999999999997,65.69276067184016
NC 01,Davis,D,186341.0,49.52,True,True,False,Buckhout,R,180034.0,47.84,False,False,366375.0,-1.6799999999999997,64.05661284541615
NC 02,Ross,D,268662.0,66.25,True,True,False,Swain,R,128164.0,31.61,False,False,396826.0,-34.64,75.2711994612999
NC 03,Murphy,R,248276.0,77.38,True,True,False,Cormos,LB,72565.0,22.62,False,False,320841.0,54.75999999999999,56.817694821006405
NC 04,Foushee,D,308064.0,71.85,True,True,False,Blankenburg,R,112084.0,26.14,False,False,420148.0,-45.709999999999994,76.62879133305368
NC 05,Foxx,R,238304.0,59.47,True,True,False,Hubbard,D,162390.0,40.53,False,False,400694.0,18.939999999999998,70.19743872742244
NC 06,McDowell,R,233303.0,69.16,True,False,False,Hayes,CS,104017.0,30.84,False,False,337320.0,38.31999999999999,61.17463570333965
NC 07,Rouzer,R,254022.0,58.59,True,True,False,Pridgen,D,179512.0,41.41,False,False,433534.0,17.180000000000007,73.54391083818216
NC 08,Harris,R,238640.0,59.61,True,False,False,Dues,D,161709.0,40.39,False,False,400349.0,19.22,72.49547298276113
NC 09,Hudson,R,210042.0,56.3,True,True,False,Bristow,D,140852.0,37.75,False,False,350894.0,18.549999999999997,64.09842354273606
NC 10,Harrigan,R,233814.0,57.49,True,False,False,Scott,D,155383.0,38.21,False,False,389197.0,19.28,67.66584083105141
NC 11,Edwards,R,245546.0,56.77,True,True,False,Rudow,D,186977.0,43.23,False,False,432523.0,13.540000000000006,72.62093050588491
NC 12,Adams,D,259627.0,74.02,True,True,False,Ali,R,91128.0,25.98,False,False,350755.0,-48.03999999999999,68.20643455095234
NC 13,Knott,R,243655.0,58.64,True,False,False,Pierce,D,171835.0,41.36,False,False,415490.0,17.28,76.40563079837071
NC 14,Moore,R,232987.0,58.06,True,False,False,Genant,D,168269.0,41.94,False,False,401256.0,16.120000000000005,75.47513354901814
ND 01,Fedorchak,R,249101.0,69.52,True,False,False,Hammer,D,109231.0,30.48,False,False,358332.0,39.03999999999999,62.13113474992847
NE 01,Flood,R,187559.0,60.1,True,True,False,Blood,D,124498.0,39.9,False,False,312057.0,20.200000000000003,65.4536873898817
NE 02,Bacon,R,160198.0,50.93,True,True,False,Vargas,D,154369.0,49.07,False,False,314567.0,1.8599999999999994,69.34669267991579
NE 03,Smith,R,243481.0,80.42,True,True,False,Ebers,D,59287.0,19.58,False,False,302768.0,60.84,63.652857638414396
NH 01,Pappas,D,218577.0,54.03,True,True,False,Prescott,R,185936.0,45.97,False,False,404513.0,-8.060000000000002,73.18058470222158
NH 02,Goodlander,D,211641.0,52.98,True,False,False,Tang Williams,R,187810.0,47.02,False,False,399451.0,-5.959999999999994,73.06184039653942
NJ 01,Norcross,D,208808.0,57.83,True,True,False,Liddell,R,144390.0,39.99,False,False,353198.0,-17.839999999999996,61.668121660788486
NJ 02,Van Drew,R,215946.0,58.11,True,True,False,Salerno,D,153117.0,41.2,False,False,369063.0,16.909999999999997,63.666129018346176
NJ 03,Conaway,D,202034.0,53.24,True,False,False,Mohan,R,169454.0,44.65,False,False,371488.0,-8.590000000000003,64.47765338887443
NJ 04,Smith,R,265652.0,67.39,True,True,False,Jenkins,D,124803.0,31.66,False,False,390455.0,35.730000000000004,69.25478232336222
NJ 05,Gottheimer,D,208359.0,54.56,True,True,False,Guinchard,R,165287.0,43.28,False,False,373646.0,-11.280000000000001,67.80311209907907
NJ 06,Pallone,D,170275.0,56.07,True,True,False,Fegler,R,122519.0,40.34,False,False,292794.0,-15.729999999999997,56.57855072463768
NJ 07,Kean Jr.,R,223331.0,51.77,True,True,False,Altman,D,200025.0,46.37,False,False,423356.0,5.400000000000006,74.16433820631181
NJ 08,Menendez,D,116434.0,59.17,True,True,False,Valdes,R,68152.0,34.64,False,False,184586.0,-24.53,43.01300274968542
NJ 09,Pou,D,130514.0,50.78,True,False,False,Prempeh,R,117939.0,45.89,False,False,248453.0,-4.890000000000001,51.29987714607229
NJ 10,McIver,D,182020.0,74.42,True,True,False,Bucco,R,54405.0,22.24,False,False,236425.0,-52.18000000000001,47.43394257970026
NJ 11,Sherrill,D,222583.0,56.53,True,True,False,Belnome,R,164556.0,41.79,False,False,387139.0,-14.740000000000002,70.16756232611671
NJ 12,Watson Coleman,D,196871.0,61.2,True,True,False,Mayfield,R,117222.0,36.44,False,False,314093.0,-24.760000000000005,62.74894866697965
NM 01,Stansbury,D,193203.0,56.37,True,True,False,Jones,R,149546.0,43.63,False,False,342749.0,-12.739999999999995,62.87530382939692
NM 02,Vasquez,D,138177.0,52.08,True,True,False,Herrell,R,127145.0,47.92,False,False,265322.0,-4.159999999999997,53.721412879516485
NM 03,Leger Fernandez,D,162342.0,56.29,True,True,False,Clahchischilliage,R,126085.0,43.71,False,False,288427.0,-12.579999999999998,56.74122599937047
NV 01,Titus,D,167885.0,51.99,True,True,False,Robertson,R,143650.0,44.49,False,False,311535.0,-7.5,61.11225540679711
NV 02,Amodei,R,219919.0,55.04,True,True,False,Kidd,NF,144064.0,36.05,False,False,363983.0,18.990000000000002,63.44649066996697
NV 03,Lee,D,191304.0,51.37,True,True,False,Johnson,R,181084.0,48.63,False,False,372388.0,-2.739999999999995,65.61556217292478
NV 04,Horsford,D,174926.0,52.66,True,True,False,Lee,R,148061.0,44.57,False,False,322987.0,-8.089999999999996,60.45558768752749
NY 01,LaLota,R,226285.0,55.22,True,True,False,Avlon,D,183540.0,44.78,False,False,409825.0,10.439999999999998,69.87459826261903
NY 02,Garbarino,R,202597.0,59.77,True,True,False,Lubin,D,136371.0,40.23,False,False,338968.0,19.540000000000006,61.69392193799085
NY 03,Suozzi,D,187651.0,51.79,True,True,False,LiPetri,R,174693.0,48.21,False,False,362344.0,-3.5799999999999983,64.70544116859229
NY 04,Gillen,D,191760.0,51.15,True,False,False,D'Esposito,R,183157.0,48.85,False,True,374917.0,-2.299999999999997,68.06771968046478
NY 05,Meeks,D,168425.0,72.93,True,True,False,King,R,62529.0,27.07,False,False,230954.0,-45.86000000000001,44.32643033990365
NY 06,Meng,D,120205.0,60.7,True,True,False,Zmich,R,74559.0,37.65,False,False,194764.0,-23.050000000000004,44.81351096385265
NY 07,Velazquez,D,172795.0,78.11,True,True,False,Kregler,R,48435.0,21.89,False,False,221230.0,-56.22,45.22096398348391
NY 08,Jeffries,D,168036.0,75.39,True,True,False,Delaney,R,54863.0,24.61,False,False,222899.0,-50.78,42.95523308473531
NY 09,Clarke,D,173207.0,74.25,True,True,False,Raitport,R,60064.0,25.75,False,False,233271.0,-48.5,48.13979404420414
NY 10,Goldman,D,206206.0,82.32,True,True,False,Dodenhoff,R,37555.0,14.99,False,False,243761.0,-67.33,48.61995372586564
NY 11,Malliotakis,R,167099.0,64.1,True,True,False,Morse,D,93586.0,35.9,False,False,260685.0,28.199999999999996,51.13927278790792
NY 12,Nadler,D,260165.0,80.51,True,True,False,Zumbluskas,R,62989.0,19.49,False,False,323154.0,-61.02000000000001,58.95034477726294
NY 13,Espaillat,D,181800.0,83.54,True,True,False,Vargas,R,35822.0,16.46,False,False,217622.0,-67.08000000000001,42.63378032892868
NY 14,Ocasio-Cortez,D,132714.0,69.2,True,True,False,Forte,R,59078.0,30.8,False,False,191792.0,-38.400000000000006,43.59701763957083
NY 15,Torres,D,130392.0,76.48,True,True,False,Duran,R,36010.0,21.12,False,False,166402.0,-55.36,36.360895026658504
NY 16,Latimer,D,217668.0,71.58,True,False,False,Flisser,R,86408.0,28.42,False,False,304076.0,-43.16,58.27890217724624
NY 17,Lawler,R,197845.0,52.16,True,True,False,Jones,D,173899.0,45.85,False,False,371744.0,6.309999999999995,69.73119993997486
NY 18,Ryan,D,207106.0,57.17,True,True,False,Esposito,R,155129.0,42.83,False,False,362235.0,-14.340000000000003,63.32226204003146
NY 19,Riley,D,192647.0,51.11,True,False,False,Molinaro,R,184290.0,48.89,False,True,376937.0,-2.219999999999999,61.708481013694374
NY 20,Tonko,D,221997.0,61.13,True,True,False,Waltz,R,141151.0,38.87,False,False,363148.0,-22.260000000000005,60.175647908795646
NY 21,Stefanik,R,215996.0,61.99,True,True,False,Collins,D,132447.0,38.01,False,False,348443.0,23.980000000000004,57.24097711629129
NY 22,Mannion,D,194450.0,54.56,True,False,False,Williams,R,161939.0,45.44,False,True,356389.0,-9.120000000000005,60.729664562192745
NY 23,Langworthy,R,246969.0,65.79,True,True,False,Carle,D,128397.0,34.21,False,False,375366.0,31.580000000000005,61.903788116166695
NY 24,Tenney,R,235867.0,65.67,True,True,False,Wagenhauser,D,123317.0,34.33,False,False,359184.0,31.340000000000003,59.1293182211028
NY 25,Morelle,D,219175.0,60.82,True,True,False,Sadwick,R,141195.0,39.18,False,False,360370.0,-21.64,60.729181587617234
NY 26,Kennedy,D,209131.0,65.17,True,True,False,Marecki,R,111772.0,34.83,False,False,320903.0,-30.340000000000003,54.34520482988704
OH 01,Landsman,D,213916.0,54.58,True,True,False,Sonza,R,177993.0,45.42,False,False,391909.0,-9.159999999999997,67.34525896140495
OH 02,Taylor,R,268211.0,73.56,True,False,False,Meadows,D,96401.0,26.44,False,False,364612.0,47.120000000000005,60.115412517311874
OH 03,Beatty,D,242632.0,70.74,True,True,False,Young,R,100355.0,29.26,False,False,342987.0,-41.47999999999999,60.870498873054466
OH 04,Jordan,R,273297.0,68.46,True,True,False,Wilson,D,125905.0,31.54,False,False,399202.0,36.919999999999995,67.15033053541691
OH 05,Latta,R,255633.0,67.51,True,True,False,Mundy,D,123024.0,32.49,False,False,378657.0,35.02,62.809063313815585
OH 06,Rulli,R,245860.0,66.74,True,True,False,Kripchak,D,122515.0,33.26,False,False,368375.0,33.48,59.70227869436972
OH 07,Miller,R,204494.0,51.08,True,True,False,Diemer,D,144613.0,36.12,False,False,349107.0,14.96,58.05291339630172
OH 08,Davidson,R,237503.0,62.81,True,True,False,Enoch,D,140625.0,37.19,False,False,378128.0,25.620000000000005,65.80258944730613
OH 09,Kaptur,D,181098.0,48.27,True,True,False,Merrin,R,178716.0,47.63,False,False,359814.0,-0.6400000000000006,59.88316745997404
OH 10,Turner,R,213695.0,57.64,True,True,False,Cox,D,145420.0,39.22,False,False,359115.0,18.42,60.19460601082821
OH 11,Brown,D,236883.0,78.34,True,True,False,Rapoport,R,59394.0,19.64,False,False,296277.0,-58.7,49.91904164174452
OH 12,Balderson,R,260450.0,68.51,True,True,False,Christian,D,119738.0,31.49,False,False,380188.0,37.02000000000001,63.028514588859416
OH 13,Sykes,D,197466.0,51.11,True,True,False,Coughlin,R,188924.0,48.89,False,False,386390.0,-2.219999999999999,63.93374809716064
OH 14,Joyce,R,243427.0,63.42,True,True,False,Kenderes,D,140431.0,36.58,False,False,383858.0,26.840000000000003,62.15870908192925
OH 15,Carey,R,196338.0,56.46,True,True,False,Miller,D,151411.0,43.54,False,False,347749.0,12.920000000000002,61.32165970128198
OK 01,Hern,R,188832.0,60.43,True,True,False,Baker,D,107903.0,34.53,False,False,296735.0,25.9,52.99501723429715
OK 02,Brecheen,R,238123.0,74.18,True,True,False,Wade,D,68841.0,21.44,False,False,306964.0,52.74000000000001,50.831953368218855
OK 03,Lucas,R,0.0,100.0,True,True,False,NA,NA,0.0,0.0,NA,NA,0.0,100.0,0.0
OK 04,Cole,R,199962.0,65.25,True,True,False,Brannon,D,86641.0,28.27,False,False,286603.0,36.980000000000004,48.02731462086301
OK 05,Bice,R,207636.0,60.69,True,True,False,Horn,D,134471.0,39.31,False,False,342107.0,21.379999999999995,58.87484403906552
OR 01,Bonamici,D,241556.0,68.76,True,True,False,Todd,R,98908.0,28.15,False,False,340464.0,-40.61000000000001,65.46314544737879
OR 02,Bentz,R,224601.0,63.95,True,True,False,Ruby,D,115337.0,32.84,False,False,339938.0,31.11,63.35861927571618
OR 03,Dexter,D,226405.0,67.88,True,False,False,Harbour,R,84344.0,25.29,False,False,310749.0,-42.589999999999996,59.787592230954964
OR 04,Hoyle,D,195862.0,51.77,True,True,False,DeSpain,R,166430.0,43.99,False,False,362292.0,-7.780000000000001,64.1525671332572
OR 05,Bynum,D,191365.0,47.75,True,False,False,Chavez-DeRemer,R,180420.0,45.02,False,True,371785.0,-2.729999999999997,68.87330727478187
OR 06,Salinas,D,180869.0,53.43,True,True,False,Erickson,R,157634.0,46.57,False,False,338503.0,-6.859999999999999,66.63116972589933
PA 01,Fitzpatrick,R,261390.0,56.4,True,True,False,Ehasz,D,202042.0,43.6,False,False,463432.0,12.799999999999997,79.27470534904805
PA 02,Boyle,D,193691.0,71.46,True,True,False,Bashir,R,77355.0,28.54,False,False,271046.0,-42.919999999999995,52.7953407740704
PA 03,Evans,D,340223.0,100.0,True,True,False,NA,NA,0.0,0.0,NA,NA,340223.0,-100.0,58.51486851383657
PA 04,Dean,D,269066.0,59.07,True,True,False,Winkler,R,186457.0,40.93,False,False,455523.0,-18.14,78.02857191798421
PA 05,Scanlon,D,267754.0,65.29,True,True,False,Goodwin,R,142355.0,34.71,False,False,410109.0,-30.580000000000005,73.62223877783663
PA 06,Houlahan,D,235625.0,56.2,True,True,False,Young,R,183638.0,43.8,False,False,419263.0,-12.400000000000006,74.96678676477163
PA 07,Mackenzie,R,203688.0,50.5,True,False,False,Wild,D,199626.0,49.5,False,True,403314.0,1.0,69.72865034015958
PA 08,Bresnahan,R,195663.0,50.81,True,False,False,Cartwright,D,189411.0,49.19,False,True,385074.0,1.6200000000000045,65.35040602805284
PA 09,Meuser,R,276212.0,70.51,True,True,False,Waldman,D,115523.0,29.49,False,False,391735.0,41.02000000000001,64.96326760750236
PA 10,Perry,R,205567.0,50.63,True,True,False,Stelson,D,200434.0,49.37,False,False,406001.0,1.2600000000000051,69.75243102085696
PA 11,Smucker,R,253672.0,62.9,True,True,False,Atkinson,D,149641.0,37.1,False,False,403313.0,25.799999999999997,69.5319288324943
PA 12,Lee,D,234802.0,56.41,True,True,False,Hayes,R,181426.0,43.59,False,False,416228.0,-12.819999999999993,69.03707881009446
PA 13,Joyce,R,301460.0,74.2,True,True,False,Farnham,D,104823.0,25.8,False,False,406283.0,48.400000000000006,67.68957790125205
PA 14,Reschenthaler,R,268380.0,66.57,True,True,False,Dziados,D,134755.0,33.43,False,False,403135.0,33.13999999999999,65.65128530831929
PA 15,Thompson,R,279027.0,71.47,True,True,False,Womer,D,111408.0,28.53,False,False,390435.0,42.94,64.28024596843899
PA 16,Kelly,R,256923.0,63.65,True,True,False,Nouri,D,146709.0,36.35,False,False,403632.0,27.299999999999997,66.88684326088938
PA 17,Deluzio,D,242838.0,53.88,True,True,False,Mercuri,R,207900.0,46.12,False,False,450738.0,-7.760000000000005,76.21284366440094
RI 01,Amo,D,139352.0,63.18,True,True,False,Waters,R,70742.0,32.07,False,False,210094.0,-31.11,52.62348462077948
RI 02,Magaziner,D,153439.0,58.38,True,True,False,Corvi,R,109381.0,41.62,False,False,262820.0,-16.760000000000005,62.24790687209123
SC 01,Mace,R,227502.0,58.32,True,True,False,Moore,D,162582.0,41.68,False,False,390084.0,16.64,68.91517309000326
SC 02,Wilson,R,211514.0,59.67,True,True,False,Robinson,D,142985.0,40.33,False,False,354499.0,19.340000000000003,64.00863080728743
SC 03,Biggs,R,248451.0,71.79,True,False,False,Best,D,87735.0,25.35,False,False,336186.0,46.440000000000005,59.399968196194145
SC 04,Timmons,R,206916.0,59.86,True,True,False,Harvey,D,128976.0,37.31,False,False,335892.0,22.549999999999997,61.72329517264191
SC 05,Norman,R,228260.0,63.61,True,True,False,Hundley,D,130592.0,36.39,False,False,358852.0,27.22,64.61319625124914
SC 06,Clyburn,D,182056.0,59.56,True,True,False,Buckner,R,112360.0,36.76,False,False,294416.0,-22.800000000000004,51.818293820511464
SC 07,Fry,R,240326.0,64.98,True,True,False,Hyman,D,129522.0,35.02,False,False,369848.0,29.96,63.169509039514246
SD 01,Johnson,R,303630.0,72.04,True,True,False,Johnson,D,117818.0,27.96,False,False,421448.0,44.080000000000005,63.63112043845213
TN 01,Harshbarger,R,257825.0,78.08,True,True,False,Jenkins,D,64021.0,19.39,False,False,321846.0,58.69,52.86911097969643
TN 02,Burchett,R,250782.0,69.26,True,True,False,George,D,111316.0,30.74,False,False,362098.0,38.52000000000001,60.277835579268036
TN 03,Fleischmann,R,236519.0,67.51,True,True,False,Allen,D,102841.0,29.36,False,False,339360.0,38.150000000000006,56.81852428549902
TN 04,DesJarlais,R,219133.0,69.95,True,True,False,Broderick,D,83832.0,26.76,False,False,302965.0,43.19,52.74873553812538
TN 05,Ogles,R,205075.0,56.85,True,True,False,Abolfazli,D,142387.0,39.47,False,False,347462.0,17.380000000000003,63.63714617998004
TN 06,Rose,R,225543.0,68.0,True,True,False,Bergman,D,106144.0,32.0,False,False,331687.0,36.0,56.360469660668464
TN 07,Green,R,191992.0,59.5,True,True,False,Barry,D,122764.0,38.05,False,False,314756.0,21.450000000000003,54.18279782756513
TN 08,Kustoff,R,240411.0,72.34,True,True,False,Freeman,D,85043.0,25.59,False,False,325454.0,46.75,56.13889224294068
TN 09,Cohen,D,159522.0,71.31,True,True,False,Bergmann,R,57411.0,25.66,False,False,216933.0,-45.650000000000006,40.372772530591355
TX 01,Moran,R,258523.0,100.0,True,True,False,NA,NA,0.0,0.0,NA,NA,258523.0,100.0,46.7834489997195
TX 02,Crenshaw,R,214631.0,65.66,True,True,False,Filler,D,112252.0,34.34,False,False,326883.0,31.319999999999993,65.59437331942047
TX 03,Self,R,237794.0,62.45,True,True,False,Srivastava,D,142953.0,37.55,False,False,380747.0,24.900000000000006,70.60415005470358
TX 04,Fallon,R,241603.0,68.38,True,True,False,Cardell,D,111696.0,31.62,False,False,353299.0,36.75999999999999,65.52949577571896
TX 05,Gooden,R,192185.0,64.08,True,True,False,Torres,D,107712.0,35.92,False,False,299897.0,28.159999999999997,57.92928268575126
TX 06,Ellzey,R,188119.0,65.68,True,True,False,Love,D,98319.0,34.32,False,False,286438.0,31.360000000000007,57.90662178690198
TX 07,Fletcher,D,149820.0,61.28,True,True,False,Kane,R,94651.0,38.72,False,False,244471.0,-22.560000000000002,52.24911572040736
TX 08,Luttrell,R,233423.0,68.22,True,True,False,Jones,D,108754.0,31.78,False,False,342177.0,36.44,65.99809051719981
TX 09,Green,D,184141.0,100.0,True,True,False,NA,NA,0.0,0.0,NA,NA,184141.0,-100.0,41.34051748330246
TX 10,McCaul,R,221229.0,63.6,True,True,False,Boisseau,D,118280.0,34.01,False,False,339509.0,29.590000000000003,61.3136484717143
TX 11,Pfluger,R,211975.0,100.0,True,True,False,NA,NA,0.0,0.0,NA,NA,211975.0,100.0,40.61018248000383
TX 12,Goldman,R,215564.0,63.45,True,False,False,Hunt,D,124154.0,36.55,False,False,339718.0,26.900000000000006,61.24245101043788
TX 13,Jackson,R,240622.0,100.0,True,True,False,NA,NA,0.0,0.0,NA,NA,240622.0,100.0,44.16824986003653
TX 14,Weber,R,210320.0,68.69,True,True,False,Hart,D,95875.0,31.31,False,False,306195.0,37.379999999999995,55.75139062115929
TX 15,De La Cruz,R,127804.0,57.11,True,True,False,Vallejo,D,95965.0,42.89,False,False,223769.0,14.219999999999999,50.16173684977415
TX 16,Escobar,D,131391.0,59.54,True,True,False,Armendariz Jackson,R,89281.0,40.46,False,False,220672.0,-19.08,44.550951395548374
TX 17,Sessions,R,193101.0,66.35,True,True,False,Lorenzen,D,97941.0,33.65,False,False,291042.0,32.699999999999996,52.215613983153474
TX 18,Turner,D,151834.0,69.44,True,False,False,Centonze,R,66810.0,30.56,False,False,218644.0,-38.879999999999995,46.73328274785991
TX 19,Arrington,R,214950.0,80.69,True,True,False,Lewis,I,27461.0,10.31,False,False,242411.0,70.38,44.60594350906247
TX 20,Castro,D,157890.0,100.0,True,True,False,NA,NA,0.0,0.0,NA,NA,157890.0,-100.0,30.375436470146884
TX 21,Roy,R,263744.0,61.85,True,True,False,Hook,D,153765.0,36.06,False,False,417509.0,25.79,70.81164508442093
TX 22,Nehls,R,209285.0,62.12,True,True,False,Greene-Scott,D,127604.0,37.88,False,False,336889.0,24.239999999999995,65.5623777598303
TX 23,Gonzales,R,180720.0,62.3,True,True,False,Limon,D,109373.0,37.7,False,False,290093.0,24.599999999999994,57.53872701668088
TX 24,Van Duyne,R,227108.0,60.3,True,True,False,Eppler,D,149518.0,39.7,False,False,376626.0,20.599999999999994,72.11672682361727
TX 25,Williams,R,263042.0,100.0,True,True,False,NA,NA,0.0,0.0,NA,NA,263042.0,100.0,47.031414829515995
TX 26,Gill,R,241096.0,62.07,True,False,False,Lineberger,D,138558.0,35.67,False,False,379654.0,26.4,69.02925507736505
TX 27,Cloud,R,183980.0,66.04,True,True,False,Lloyd,D,94596.0,33.96,False,False,278576.0,32.080000000000005,50.745675953840404
TX 28,Cuellar,D,125490.0,52.81,True,True,False,Furman,R,112117.0,47.19,False,False,237607.0,-5.6200000000000045,50.08209765299778
TX 29,Garcia,D,99379.0,65.29,True,True,False,Garza,R,52830.0,34.71,False,False,152209.0,-30.580000000000005,39.02144514375809
TX 30,Crockett,D,197650.0,84.89,True,True,False,Jefferson,LB,35175.0,15.11,False,False,232825.0,-69.78,46.59575319711009
TX 31,Carter,R,229087.0,64.43,True,True,False,Whitlow,D,126470.0,35.57,False,False,355557.0,28.860000000000007,62.5842904290429
TX 32,Johnson,D,140536.0,60.45,True,False,False,Day,R,85941.0,36.97,False,False,226477.0,-23.480000000000004,48.234316930580256
TX 33,Veasey,D,114289.0,68.79,True,True,False,Gillespie,R,51864.0,31.21,False,False,166153.0,-37.580000000000005,42.31795838321066
TX 34,Gonzalez,D,102780.0,51.29,True,True,False,Flores,R,97603.0,48.71,False,False,200383.0,-2.5799999999999983,46.20686474582915
TX 35,Casar,D,170509.0,67.36,True,True,False,Wright,R,82610.0,32.64,False,False,253119.0,-34.72,47.3624235166439
TX 36,Babin,R,206009.0,69.36,True,True,False,Steele,D,91009.0,30.64,False,False,297018.0,38.72,56.80967044737295
TX 37,Doggett,D,252980.0,74.22,True,True,False,Garcia Sharon,R,80366.0,23.58,False,False,333346.0,-50.64,59.26256466781632
TX 38,Hunt,R,215030.0,62.75,True,True,False,McDonough,D,127640.0,37.25,False,False,342670.0,25.5,67.68589572654638
UT 01,Moore,R,230975.0,63.13,True,True,False,Campbell,D,117319.0,32.06,False,False,348294.0,31.07,60.275162674788874
UT 02,Maloy,R,205234.0,58.0,True,True,False,Woodward,D,121114.0,34.23,False,False,326348.0,23.770000000000003,57.89596934430883
UT 03,Kennedy,R,242496.0,66.39,True,False,False,Wright,D,122780.0,33.61,False,False,365276.0,32.78,64.86703426475941
UT 04,Owens,R,230627.0,63.42,True,True,False,Fallick-Wang,D,109838.0,30.2,False,False,340465.0,33.22,63.64605045472814
VA 01,Wittman,R,269657.0,56.4,True,True,False,Mehta,D,208445.0,43.6,False,False,478102.0,12.799999999999997,80.68823519484245
VA 02,Kiggans,R,207368.0,50.8,True,True,False,Cotter Smasal,D,191666.0,46.95,False,False,399034.0,3.8499999999999943,67.65065398536903
VA 03,Scott,D,219926.0,70.1,True,True,False,Sitka,R,93801.0,29.9,False,False,313727.0,-40.199999999999996,53.753512439174834
VA 04,McClellan,D,252885.0,67.49,True,True,False,Moher,R,121814.0,32.51,False,False,374699.0,-34.98,62.452955981132384
VA 05,McGuire,R,249564.0,57.53,True,False,False,Witt,D,184229.0,42.47,False,False,433793.0,15.060000000000002,69.6554105046807
VA 06,Cline,R,256933.0,63.2,True,True,False,Mitchell,D,141612.0,34.83,False,False,398545.0,28.370000000000005,66.41807834281857
VA 07,Vindman,D,203336.0,51.32,True,False,False,Anderson,R,192847.0,48.68,False,False,396183.0,-2.6400000000000006,72.27572493181673
VA 08,Beyer,D,274593.0,71.72,True,True,False,Torres,R,94676.0,24.73,False,False,369269.0,-46.989999999999995,70.4879980911477
VA 09,Griffith,R,290645.0,72.62,True,True,False,Baker,D,109570.0,27.38,False,False,400215.0,45.24000000000001,63.7259663229967
VA 10,Subramanyam,D,215131.0,52.28,True,False,False,Clancy,R,196343.0,47.72,False,False,411474.0,-4.560000000000002,80.17028738431563
VA 11,Connolly,D,273529.0,66.99,True,True,False,Van Meter,R,134802.0,33.01,False,False,408331.0,-33.98,77.5925890736342
VT 01,Balint,D,218398.0,62.46,True,True,False,Coester,R,104451.0,29.87,False,False,322849.0,-32.59,62.303209247573285
WA 01,DelBene,D,227213.0,63.16,True,True,False,Brewer,R,132538.0,36.84,False,False,359751.0,-26.319999999999993,71.42664270894345
WA 02,Larsen,D,263750.0,64.03,True,True,False,Hart,R,148167.0,35.97,False,False,411917.0,-28.060000000000002,71.13607515693673
WA 03,Gluesenkamp Perez,D,215177.0,51.95,True,True,False,Kent,R,199054.0,48.05,False,False,414231.0,-3.9000000000000057,71.98571515462216
WA 04,Newhouse,R,153477.0,52.99,True,True,False,Sessler,R,136175.0,47.01,False,False,289652.0,5.980000000000004,60.22810209492124
WA 05,Baumgartner,R,240619.0,60.66,True,False,False,Conroy,D,156074.0,39.34,False,False,396693.0,21.319999999999993,66.59721989054158
WA 06,Randall,D,239687.0,56.82,True,False,False,MacEwen,R,182182.0,43.18,False,False,421869.0,-13.64,69.56483741178022
WA 07,Jayapal,D,352286.0,84.18,True,True,False,Alexander,R,66220.0,15.82,False,False,418506.0,-68.36000000000001,72.31767480840843
WA 08,Schrier,D,224607.0,54.09,True,True,False,Goers,R,190675.0,45.91,False,False,415282.0,-8.180000000000007,77.95429161387207
WA 09,Smith,D,182780.0,66.86,True,True,False,Chaudhry,D,90601.0,33.14,False,False,273381.0,-33.72,54.24710539631514
WA 10,Strickland,D,203732.0,58.67,True,True,False,Hewett,R,143492.0,41.33,False,False,347224.0,-17.340000000000003,61.989895202899326
WI 01,Steil,R,212515.0,54.06,True,True,False,Barca,D,172402.0,43.86,False,False,384917.0,10.200000000000003,70.22046683875911
WI 02,Pocan,D,320317.0,70.14,True,True,False,Olsen,R,136357.0,29.86,False,False,456674.0,-40.28,81.60576115509015
WI 03,Van Orden,R,212064.0,51.36,True,True,False,Cooke,D,200808.0,48.64,False,False,412872.0,2.719999999999999,71.8419335473599
WI 04,Moore,D,249938.0,74.91,True,True,False,Rogers,R,74921.0,22.45,False,False,324859.0,-52.459999999999994,63.92660008855218
WI 05,Fitzgerald,R,300521.0,64.47,True,True,False,Steinhoff,D,165653.0,35.53,False,False,466174.0,28.939999999999998,81.48897862149737
WI 06,Grothman,R,251889.0,61.3,True,True,False,Zarbano,D,159042.0,38.7,False,False,410931.0,22.599999999999994,71.81785611297046
WI 07,Tiffany,R,273553.0,63.61,True,True,False,Kilbourn,D,156524.0,36.39,False,False,430077.0,27.22,74.48768575288372
WI 08,Wied,R,240040.0,57.33,True,False,False,Lyerly,D,178666.0,42.67,False,False,418706.0,14.659999999999997,74.56918967052538
WV 01,Miller,R,228491.0,66.39,True,True,False,Reed,D,90038.0,26.16,False,False,318529.0,40.230000000000004,45.49374428702011
WV 02,Moore,R,268190.0,70.77,True,False,False,Wendelin,D,110775.0,29.23,False,False,378965.0,41.53999999999999,53.219067948348865
WY 01,Hageman,R,184680.0,71.02,True,True,False,Cameron,D,60778.0,23.37,False,False,245458.0,47.64999999999999,56.24610449129239
