district,d_total,r_total,other_total,total_votes,d_percent,r_percent,other_percent,margin
AK 01,140026.0,184458.0,13693.0,338177.0,41.41,54.54,4.05,13.1
AL 01,73202.0,257309.0,3919.0,334430.0,21.89,76.94,1.17,55.1
AL 02,155343.0,131501.0,3386.0,290230.0,53.52,45.31,1.17,-8.2
AL 03,82876.0,230168.0,3498.0,316542.0,26.18,72.71,1.11,46.5
AL 04,49720.0,258636.0,3180.0,311536.0,15.96,83.02,1.02,67.1
AL 05,124533.0,233123.0,6507.0,364163.0,34.2,64.02,1.79,29.8
AL 06,104267.0,240522.0,6474.0,351263.0,29.68,68.47,1.84,38.8
AL 07,182469.0,111356.0,3102.0,296927.0,61.45,37.5,1.04,-23.9
AR 01,72184.0,196035.0,5228.0,273447.0,26.4,71.69,1.91,45.3
AR 02,131088.0,180710.0,7701.0,319499.0,41.03,56.56,2.41,15.5
AR 03,112073.0,189161.0,8438.0,309672.0,36.19,61.08,2.72,24.9
AR 04,81560.0,193335.0,5163.0,280058.0,29.12,69.03,1.84,39.9
AZ 01,216232.0,230237.0,6147.0,452616.0,47.77,50.87,1.36,3.1
AZ 02,174927.0,237247.0,4739.0,416913.0,41.96,56.91,1.14,14.9
AZ 03,147522.0,62762.0,3824.0,214108.0,68.9,29.31,1.79,-39.6
AZ 04,182893.0,159723.0,6482.0,349098.0,52.39,45.75,1.86,-6.6
AZ 05,175673.0,264571.0,6512.0,446756.0,39.32,59.22,1.46,19.9
AZ 06,216024.0,219323.0,6421.0,441768.0,48.9,49.65,1.45,0.7
AZ 07,170352.0,108028.0,4097.0,282477.0,60.31,38.24,1.45,-22.1
AZ 08,162183.0,226186.0,5016.0,393385.0,41.23,57.5,1.28,16.3
AZ 09,137054.0,262165.0,4409.0,403628.0,33.96,64.95,1.09,31.0
CA 01,118090.0,199649.0,9154.0,326893.0,36.12,61.07,2.8,24.9
CA 02,276863.0,100474.0,13263.0,390600.0,70.88,25.72,3.4,-45.2
CA 03,201922.0,218497.0,13677.0,434096.0,46.52,50.33,3.15,3.8
CA 04,225203.0,115410.0,11056.0,351669.0,64.04,32.82,3.14,-31.2
CA 05,151686.0,219092.0,9727.0,380505.0,39.86,57.58,2.56,17.7
CA 06,166463.0,124666.0,10283.0,301412.0,55.23,41.36,3.41,-13.9
CA 07,195104.0,103118.0,10976.0,309198.0,63.1,33.35,3.55,-29.7
CA 08,200015.0,75771.0,9330.0,285116.0,70.15,26.58,3.27,-43.6
CA 09,122904.0,127491.0,7808.0,258203.0,47.6,49.38,3.02,1.8
CA 10,247321.0,119198.0,12771.0,379290.0,65.21,31.43,3.37,-33.8
CA 11,295463.0,50870.0,14849.0,361182.0,81.8,14.08,4.11,-67.7
CA 12,269148.0,33869.0,15369.0,318386.0,84.54,10.64,4.83,-73.9
CA 13,100559.0,112433.0,6106.0,219098.0,45.9,51.32,2.79,5.4
CA 14,191274.0,88263.0,11241.0,290778.0,65.78,30.35,3.87,-35.4
CA 15,220603.0,74250.0,10737.0,305590.0,72.19,24.3,3.51,-47.9
CA 16,249344.0,82398.0,12323.0,344065.0,72.47,23.95,3.58,-48.5
CA 17,176438.0,76249.0,11636.0,264323.0,66.75,28.85,4.4,-37.9
CA 18,149269.0,79571.0,7397.0,236237.0,63.19,33.68,3.13,-29.5
CA 19,246402.0,116909.0,13201.0,376512.0,65.44,31.05,3.51,-34.4
CA 20,110642.0,210246.0,7558.0,328446.0,33.69,64.01,2.3,30.3
CA 21,101220.0,93644.0,5285.0,200149.0,50.57,46.79,2.64,-3.8
CA 22,79359.0,89469.0,4549.0,173377.0,45.77,51.6,2.62,5.8
CA 23,110434.0,156700.0,7322.0,274456.0,40.24,57.09,2.67,16.9
CA 24,214703.0,126489.0,10985.0,352177.0,60.96,35.92,3.12,-25.0
CA 25,125529.0,119328.0,5870.0,250727.0,50.07,47.59,2.34,-2.5
CA 26,190849.0,145316.0,9760.0,345925.0,55.17,42.01,2.82,-13.2
CA 27,157170.0,145061.0,9186.0,311417.0,50.47,46.58,2.95,-3.9
CA 28,204263.0,115237.0,11017.0,330517.0,61.8,34.87,3.33,-26.9
CA 29,154257.0,72714.0,7344.0,234315.0,65.83,31.03,3.13,-34.8
CA 30,233138.0,94036.0,11644.0,338818.0,68.81,27.75,3.44,-41.1
CA 31,151581.0,106588.0,8016.0,266185.0,56.95,40.04,3.01,-16.9
CA 32,224304.0,114803.0,10213.0,349320.0,64.21,32.86,2.92,-31.3
CA 33,129054.0,107755.0,7079.0,243888.0,52.92,44.18,2.9,-8.7
CA 34,156740.0,48092.0,9707.0,214539.0,73.06,22.42,4.52,-50.6
CA 35,131010.0,105937.0,7176.0,244123.0,53.67,43.39,2.94,-10.3
CA 36,261912.0,111106.0,12602.0,385620.0,67.92,28.81,3.27,-39.1
CA 37,184950.0,42949.0,7225.0,235124.0,78.66,18.27,3.07,-60.4
CA 38,166559.0,119143.0,9175.0,294877.0,56.48,40.4,3.11,-16.1
CA 39,125934.0,103033.0,7257.0,236224.0,53.31,43.62,3.07,-9.7
CA 40,184651.0,193734.0,13008.0,391393.0,47.18,49.5,3.32,2.3
CA 41,165922.0,187430.0,9456.0,362808.0,45.73,51.66,2.61,5.9
CA 42,159940.0,79492.0,8627.0,248059.0,64.48,32.05,3.48,-32.4
CA 43,162845.0,53435.0,7169.0,223449.0,72.88,23.91,3.21,-49.0
CA 44,164053.0,79136.0,7917.0,251106.0,65.33,31.51,3.15,-33.8
CA 45,159879.0,154900.0,9584.0,324363.0,49.29,47.76,2.95,-1.5
CA 46,125174.0,86462.0,6726.0,218362.0,57.32,39.6,3.08,-17.7
CA 47,182428.0,167325.0,12709.0,362462.0,50.33,46.16,3.51,-4.2
CA 48,152884.0,209800.0,9170.0,371854.0,41.11,56.42,2.47,15.3
CA 49,202287.0,172361.0,10898.0,385546.0,52.47,44.71,2.83,-7.8
CA 50,234873.0,124867.0,12502.0,372242.0,63.1,33.54,3.36,-29.6
CA 51,204059.0,124434.0,10442.0,338935.0,60.21,36.71,3.08,-23.5
CA 52,159494.0,102478.0,7128.0,269100.0,59.27,38.08,2.65,-21.2
CO 01,280662.0,75479.0,10213.0,366354.0,76.61,20.6,2.79,-56.0
CO 02,295692.0,123973.0,12272.0,431937.0,68.46,28.7,2.84,-39.8
CO 03,178501.0,218065.0,10200.0,406766.0,43.88,53.61,2.51,9.7
CO 04,182901.0,267114.0,11563.0,461578.0,39.63,57.87,2.51,18.2
CO 05,165522.0,199615.0,10336.0,375473.0,44.08,53.16,2.75,9.1
CO 06,210533.0,139305.0,10531.0,360369.0,58.42,38.66,2.92,-19.8
CO 07,249924.0,183164.0,12680.0,445768.0,56.07,41.09,2.84,-15.0
CO 08,164426.0,170726.0,9348.0,344500.0,47.73,49.56,2.71,1.8
CT 01,208405.0,129726.0,5839.0,343970.0,60.59,37.71,1.7,-22.9
CT 02,205994.0,175984.0,6611.0,388589.0,53.01,45.29,1.7,-7.7
CT 03,191831.0,143737.0,6710.0,342278.0,56.05,41.99,1.96,-14.1
CT 04,206080.0,127034.0,5347.0,338461.0,60.89,37.53,1.58,-23.4
CT 05,179743.0,160437.0,5532.0,345712.0,51.99,46.41,1.6,-5.6
DE 01,289758.0,214351.0,7588.0,511697.0,56.63,41.89,1.48,-14.7
FL 01,130049.0,286314.0,6241.0,422604.0,30.77,67.75,1.48,37.0
FL 02,166211.0,240957.0,5776.0,412944.0,40.25,58.35,1.4,18.1
FL 03,155690.0,239780.0,5249.0,400719.0,38.85,59.84,1.31,21.0
FL 04,173072.0,220106.0,5559.0,398737.0,43.41,55.2,1.39,11.8
FL 05,169104.0,262791.0,7173.0,439068.0,38.51,59.85,1.63,21.3
FL 06,152648.0,285400.0,4687.0,442735.0,34.48,64.46,1.06,30.0
FL 07,184389.0,237638.0,6567.0,428594.0,43.02,55.45,1.53,12.4
FL 08,177212.0,280407.0,6363.0,463982.0,38.19,60.43,1.37,22.2
FL 09,169678.0,157999.0,4946.0,332623.0,51.01,47.5,1.49,-3.5
FL 10,182937.0,114482.0,5280.0,302699.0,60.44,37.82,1.74,-22.6
FL 11,189098.0,263141.0,5873.0,458112.0,41.28,57.44,1.28,16.2
FL 12,143215.0,296459.0,5070.0,444744.0,32.2,66.66,1.14,34.5
FL 13,182362.0,231968.0,5738.0,420068.0,43.41,55.22,1.37,11.8
FL 14,190432.0,163008.0,5812.0,359252.0,53.01,45.37,1.62,-7.6
FL 15,155664.0,195539.0,6609.0,357812.0,43.5,54.65,1.85,11.1
FL 16,177608.0,243281.0,5448.0,426337.0,41.66,57.06,1.28,15.4
FL 17,175910.0,287639.0,5064.0,468613.0,37.54,61.38,1.08,23.8
FL 18,124283.0,228976.0,3891.0,357150.0,34.8,64.11,1.09,29.3
FL 19,150143.0,275143.0,4736.0,430022.0,34.92,63.98,1.1,29.1
FL 20,207879.0,89175.0,3535.0,300589.0,69.16,29.67,1.18,-39.5
FL 21,188494.0,263988.0,5125.0,457607.0,41.19,57.69,1.12,16.5
FL 22,196989.0,176060.0,4556.0,377605.0,52.17,46.63,1.21,-5.5
FL 23,195655.0,188273.0,4896.0,388824.0,50.32,48.42,1.26,-1.9
FL 24,190492.0,102000.0,3536.0,296028.0,64.35,34.46,1.19,-29.9
FL 25,183992.0,165194.0,4722.0,353908.0,51.99,46.68,1.33,-5.3
FL 26,100410.0,211496.0,2804.0,314710.0,31.91,67.2,0.89,35.3
FL 27,142010.0,192300.0,3878.0,338188.0,41.99,56.86,1.15,14.9
FL 28,123604.0,208836.0,3073.0,335513.0,36.84,62.24,0.92,25.4
GA 01,152200.0,209761.0,1512.0,363473.0,41.87,57.71,0.42,15.8
GA 02,169832.0,145604.0,658.0,316094.0,53.73,46.06,0.21,-7.7
GA 03,146037.0,270130.0,2088.0,418255.0,34.92,64.59,0.5,29.7
GA 04,234437.0,72044.0,3304.0,309785.0,75.68,23.26,1.07,-52.4
GA 05,299895.0,47969.0,3401.0,351265.0,85.38,13.66,0.97,-71.7
GA 06,280053.0,92570.0,2840.0,375463.0,74.59,24.65,0.76,-49.9
GA 07,166122.0,261239.0,5036.0,432397.0,38.42,60.42,1.16,22.0
GA 08,119100.0,225082.0,826.0,345008.0,34.52,65.24,0.24,30.7
GA 09,130854.0,267768.0,2631.0,401253.0,32.61,66.73,0.66,34.1
GA 10,162825.0,248555.0,2194.0,413574.0,39.37,60.1,0.53,20.7
GA 11,159565.0,257547.0,3889.0,421001.0,37.9,61.17,0.92,23.3
GA 12,148846.0,198235.0,1160.0,348241.0,42.74,56.92,0.33,14.2
GA 13,257427.0,103887.0,3377.0,364691.0,70.59,28.49,0.93,-42.1
GA 14,120582.0,262682.0,2110.0,385374.0,31.29,68.16,0.55,36.9
HI 01,153037.0,91500.0,4305.0,248842.0,61.5,36.77,1.73,-24.7
HI 02,160007.0,102161.0,5691.0,267859.0,59.74,38.14,2.12,-21.6
IA 01,190502.0,226309.0,6185.0,422996.0,45.04,53.5,1.46,8.5
IA 02,186017.0,227941.0,5736.0,419694.0,44.32,54.31,1.37,10.0
IA 03,199043.0,217645.0,5473.0,422161.0,47.15,51.55,1.3,4.4
IA 04,131716.0,255124.0,5158.0,391998.0,33.6,65.08,1.32,31.5
ID 01,126556.0,343893.0,11889.0,482338.0,26.24,71.3,2.46,45.1
ID 02,148416.0,261353.0,12860.0,422629.0,35.12,61.84,3.04,26.7
IL 01,214073.0,109242.0,4151.0,327466.0,65.37,33.36,1.27,-32.0
IL 02,196214.0,97528.0,4088.0,297830.0,65.88,32.75,1.37,-33.1
IL 03,172244.0,89231.0,4643.0,266118.0,64.72,33.53,1.74,-31.2
IL 04,133939.0,74066.0,3552.0,211557.0,63.31,35.01,1.68,-28.3
IL 05,254786.0,115347.0,4477.0,374610.0,68.01,30.79,1.2,-37.2
IL 06,190612.0,170378.0,8088.0,369078.0,51.65,46.16,2.19,-5.5
IL 07,226762.0,46050.0,3115.0,275927.0,82.18,16.69,1.13,-65.5
IL 08,162699.0,141262.0,4032.0,307993.0,52.83,45.87,1.31,-7.0
IL 09,234690.0,108074.0,3873.0,346637.0,67.7,31.18,1.12,-36.5
IL 10,198639.0,126144.0,4420.0,329203.0,60.34,38.32,1.34,-22.0
IL 11,199305.0,157954.0,5280.0,362539.0,54.97,43.57,1.46,-11.4
IL 12,102544.0,264569.0,5588.0,372701.0,27.51,70.99,1.5,43.5
IL 13,180769.0,145442.0,5454.0,331665.0,54.5,43.85,1.64,-10.7
IL 14,173513.0,156109.0,5653.0,335275.0,51.75,46.56,1.69,-5.2
IL 15,111478.0,263513.0,5975.0,380966.0,29.26,69.17,1.57,39.9
IL 16,147603.0,236426.0,6549.0,390578.0,37.79,60.53,1.68,22.7
IL 17,162994.0,147745.0,6034.0,316773.0,51.45,46.64,1.9,-4.8
IN 01,161667.0,160552.0,0.0,322219.0,50.17,49.83,0.0,-0.3
IN 02,107778.0,187181.0,0.0,294959.0,36.54,63.46,0.0,26.9
IN 03,108258.0,208474.0,0.0,316732.0,34.14,65.75,0.0,31.6
IN 04,115150.0,212740.0,0.0,327890.0,35.1,64.84,0.0,29.7
IN 05,150105.0,212150.0,0.0,362255.0,41.44,58.56,0.0,17.1
IN 06,107013.0,212902.0,0.0,319915.0,33.45,66.55,0.0,33.1
IN 07,189586.0,77134.0,0.0,266720.0,71.08,28.92,0.0,-42.2
IN 08,103784.0,223051.0,0.0,326835.0,31.76,68.26,0.0,36.5
IN 09,121011.0,226651.0,0.0,347662.0,34.81,65.19,0.0,30.4
KS 01,103889.0,200988.0,5673.0,310550.0,33.45,64.72,1.83,31.3
KS 02,120737.0,181316.0,5849.0,307902.0,39.21,58.89,1.9,19.7
KS 03,203406.0,187105.0,7080.0,397591.0,51.16,47.06,1.78,-4.1
KS 04,116821.0,189393.0,5334.0,311548.0,37.5,60.79,1.71,23.3
KY 01,88125.0,250232.0,4464.0,342821.0,25.71,72.99,1.3,47.3
KY 02,100536.0,245734.0,5160.0,351430.0,28.61,69.92,1.47,41.3
KY 03,194712.0,131797.0,6151.0,332660.0,58.53,39.62,1.85,-18.9
KY 04,117644.0,250916.0,6452.0,375012.0,31.37,66.91,1.72,35.5
KY 05,55275.0,257630.0,3886.0,316791.0,17.45,81.32,1.23,63.9
KY 06,147751.0,201185.0,6880.0,355816.0,41.52,56.54,1.93,15.0
LA 01,112920.0,256662.0,6975.0,376557.0,29.99,68.16,1.85,38.2
LA 02,207199.0,106204.0,6225.0,319628.0,64.83,33.23,1.95,-31.6
LA 03,89993.0,241083.0,4514.0,335590.0,26.82,71.84,1.35,45.0
LA 04,78250.0,254745.0,4046.0,337041.0,23.22,75.58,1.2,52.4
LA 05,100557.0,218462.0,4842.0,323861.0,31.05,67.46,1.5,36.4
LA 06,178062.0,131196.0,4997.0,314255.0,56.66,41.75,1.59,-14.9
MA 01,211784.0,160045.0,9530.0,381359.0,55.53,41.97,2.5,-13.6
MA 02,231966.0,141308.0,11684.0,384958.0,60.26,36.71,3.04,-23.6
MA 03,208626.0,140854.0,9422.0,358902.0,58.13,39.25,2.63,-18.9
MA 04,237730.0,158054.0,11027.0,406811.0,58.44,38.85,2.71,-19.6
MA 05,265591.0,97371.0,11923.0,374885.0,70.85,25.97,3.18,-44.9
MA 06,255729.0,166654.0,10784.0,433167.0,59.04,38.47,2.49,-20.6
MA 07,222693.0,47009.0,10653.0,280355.0,79.43,16.77,3.8,-62.7
MA 08,242623.0,139502.0,10987.0,393112.0,61.72,35.49,2.79,-26.2
MA 09,249776.0,200506.0,9837.0,460119.0,54.29,43.58,2.14,-10.7
MD 01,171555.0,243356.0,12138.0,427049.0,40.17,56.99,2.84,16.8
MD 02,227194.0,154843.0,13230.0,395267.0,57.48,39.17,3.35,-18.3
MD 03,249542.0,151360.0,16093.0,416995.0,59.84,36.3,3.86,-23.5
MD 04,240880.0,33369.0,9149.0,283398.0,85.0,11.77,3.23,-73.2
MD 05,280941.0,138217.0,12309.0,431467.0,65.11,32.03,2.85,-33.1
MD 06,200040.0,177658.0,12644.0,390342.0,51.25,45.51,3.24,-5.7
MD 07,236171.0,58128.0,9739.0,304038.0,77.68,19.12,3.2,-58.6
MD 08,296254.0,78619.0,14905.0,389778.0,76.01,20.17,3.82,-55.8
ME 01,258863.0,165214.0,9632.0,433709.0,59.69,38.09,2.22,-21.6
ME 02,176789.0,212763.0,8114.0,397666.0,44.46,53.5,2.04,9.0
MI 01,187191.0,288956.0,7484.0,483631.0,38.71,59.75,1.55,21.0
MI 02,151091.0,283937.0,7009.0,442037.0,34.18,64.23,1.59,30.1
MI 03,226447.0,192690.0,8197.0,427334.0,52.99,45.09,1.92,-7.9
MI 04,201649.0,225615.0,7388.0,434652.0,46.39,51.91,1.7,5.5
MI 05,151102.0,265209.0,6303.0,422614.0,35.75,62.75,1.49,27.0
MI 06,280092.0,171956.0,13402.0,465450.0,60.18,36.94,2.88,-23.2
MI 07,224818.0,230862.0,7555.0,463235.0,48.53,49.84,1.63,1.3
MI 08,209472.0,218035.0,6437.0,433944.0,48.27,50.24,1.48,2.0
MI 09,161474.0,318875.0,7420.0,487769.0,33.1,65.37,1.52,32.3
MI 10,199324.0,227882.0,9988.0,437194.0,45.59,52.12,2.28,6.5
MI 11,262383.0,188356.0,10740.0,461479.0,56.86,40.82,2.33,-16.0
MI 12,247356.0,106968.0,19180.0,373504.0,66.23,28.64,5.14,-37.6
MI 13,232935.0,94494.0,8896.0,336325.0,69.26,28.1,2.65,-41.2
MN 01,167186.0,213794.0,7311.0,388291.0,43.06,55.06,1.88,12.0
MN 02,220555.0,195780.0,8483.0,424818.0,51.92,46.09,2.0,-5.8
MN 03,251783.0,161925.0,8924.0,422632.0,59.57,38.31,2.11,-21.3
MN 04,251495.0,117085.0,8203.0,376783.0,66.75,31.07,2.18,-35.7
MN 05,292800.0,65271.0,9706.0,367777.0,79.61,17.75,2.64,-61.9
MN 06,168603.0,253253.0,8510.0,430366.0,39.18,58.85,1.98,19.7
MN 07,123652.0,269504.0,6643.0,399799.0,30.93,67.41,1.66,36.5
MN 08,180905.0,242420.0,7125.0,430450.0,42.03,56.32,1.66,14.3
MO 01,244275.0,64567.0,5723.0,314565.0,77.65,20.53,1.82,-57.1
MO 02,196219.0,230597.0,7438.0,434254.0,45.19,53.1,1.71,7.9
MO 03,145961.0,254882.0,5928.0,406771.0,35.88,62.66,1.46,26.8
MO 04,106074.0,265106.0,4791.0,375971.0,28.21,70.51,1.27,42.3
MO 05,205104.0,126825.0,6012.0,337941.0,60.69,37.53,1.78,-23.2
MO 06,114786.0,263648.0,4631.0,383065.0,29.97,68.83,1.21,38.9
MO 07,105495.0,265486.0,4633.0,375614.0,28.09,70.68,1.23,42.6
MO 08,82685.0,280875.0,3586.0,367146.0,22.52,76.5,0.98,54.0
MS 01,99871.0,219880.0,4295.0,324046.0,30.82,67.85,1.33,37.0
MS 02,171061.0,112641.0,2947.0,286649.0,59.68,39.3,1.03,-20.4
MS 03,112877.0,207389.0,3158.0,323424.0,34.9,64.12,0.98,29.2
MS 04,82858.0,207834.0,3198.0,293890.0,28.19,70.72,1.09,42.5
MT 01,137408.0,174602.0,10050.0,322060.0,42.67,54.21,3.12,11.5
MT 02,94498.0,177477.0,8928.0,280903.0,33.64,63.18,3.18,29.5
NC 01,182925.0,194707.0,3691.0,381323.0,47.97,51.06,0.97,3.1
NC 02,271390.0,132361.0,6934.0,410686.0,66.08,32.23,1.69,-33.9
NC 03,147421.0,230873.0,4387.0,382682.0,38.52,60.33,1.15,21.8
NC 04,312677.0,115463.0,8287.0,436427.0,71.64,26.46,1.9,-45.2
NC 05,165401.0,237796.0,4728.0,407925.0,40.55,58.29,1.16,17.7
NC 06,159247.0,226215.0,5567.0,391029.0,40.73,57.85,1.42,17.1
NC 07,188974.0,250249.0,5219.0,444443.0,42.52,56.31,1.17,13.8
NC 08,162725.0,241962.0,4984.0,409671.0,39.72,59.06,1.22,19.3
NC 09,158660.0,219159.0,4791.0,382611.0,41.47,57.28,1.25,15.8
NC 10,168731.0,242339.0,5460.0,416530.0,40.51,58.18,1.31,17.7
NC 11,196319.0,238089.0,6793.0,441201.0,44.5,53.96,1.54,9.5
NC 12,254839.0,91750.0,6398.0,352986.0,72.2,25.99,1.81,-46.2
NC 13,175108.0,245078.0,5498.0,425684.0,41.14,57.57,1.29,16.4
NC 14,170952.0,232367.0,4673.0,407991.0,41.9,56.95,1.15,15.1
ND 01,112327.0,246505.0,6227.0,365059.0,30.77,67.52,1.71,36.8
NE 01,136153.0,177666.0,4485.0,318304.0,42.77,55.82,1.41,13.0
NE 02,163541.0,148905.0,4244.0,316690.0,51.64,47.02,1.34,-4.6
NE 03,70301.0,238245.0,3619.0,312165.0,22.52,76.32,1.16,53.8
NH 01,208186.0,199942.0,5995.0,414123.0,50.27,48.28,1.45,-2.0
NH 02,210302.0,195581.0,6183.0,412066.0,51.04,47.46,1.5,-3.6
NJ 01,220600.0,150098.0,5679.0,376377.0,58.61,39.88,1.51,-18.7
NJ 02,166360.0,214917.0,5567.0,386844.0,43.0,55.56,1.44,12.6
NJ 03,212712.0,179400.0,6556.0,398668.0,53.36,45.0,1.64,-8.4
NJ 04,142650.0,268072.0,5708.0,416430.0,34.26,64.37,1.37,30.1
NJ 05,200624.0,194529.0,7685.0,402838.0,49.8,48.29,1.91,-1.5
NJ 06,167151.0,146484.0,8106.0,321741.0,51.95,45.53,2.52,-6.4
NJ 07,216349.0,221591.0,8559.0,446499.0,48.45,49.63,1.92,1.2
NJ 08,135327.0,81523.0,5604.0,222454.0,60.83,36.65,2.52,-24.2
NJ 09,137598.0,140857.0,8084.0,286539.0,48.02,49.16,2.82,1.1
NJ 10,196313.0,62570.0,4564.0,263447.0,74.52,23.75,1.73,-50.8
NJ 11,219579.0,183684.0,8424.0,411687.0,53.34,44.62,2.05,-8.7
NJ 12,205449.0,124491.0,9261.0,339201.0,60.57,36.7,2.73,-23.9
NM 01,194152.0,149361.0,2577.0,346090.0,56.1,43.16,0.74,-12.9
NM 02,129940.0,135094.0,3831.0,268865.0,48.33,50.25,1.42,1.9
NM 03,151976.0,137725.0,4426.0,294127.0,51.67,46.83,1.5,-4.8
NV 01,168452.0,160877.0,5970.0,335299.0,50.24,47.98,1.78,-2.3
NV 02,176292.0,235032.0,9839.0,421163.0,41.86,55.81,2.34,13.9
NV 03,187997.0,190836.0,6386.0,385219.0,48.8,49.54,1.66,0.7
NV 04,172456.0,164460.0,6427.0,343343.0,50.23,47.9,1.87,-2.3
NY 01,190070.0,233206.0,6187.0,429463.0,44.26,54.3,1.44,10.0
NY 02,153928.0,204363.0,3846.0,362137.0,42.51,56.43,1.06,13.9
NY 03,178099.0,194286.0,5917.0,378302.0,47.08,51.36,1.56,4.3
NY 04,194428.0,189465.0,4686.0,388579.0,50.04,48.76,1.21,-1.3
NY 05,170189.0,68170.0,3641.0,242000.0,70.33,28.17,1.5,-42.2
NY 06,109480.0,96065.0,3802.0,209347.0,52.3,45.89,1.82,-6.4
NY 07,168187.0,60343.0,6483.0,235013.0,71.56,25.68,2.76,-45.9
NY 08,170067.0,64988.0,3876.0,238931.0,71.18,27.2,1.62,-44.0
NY 09,173762.0,71900.0,5196.0,250858.0,69.27,28.66,2.07,-40.6
NY 10,218940.0,51536.0,6490.0,276966.0,79.05,18.61,2.34,-60.4
NY 11,100628.0,167092.0,5005.0,272725.0,36.9,61.27,1.84,24.4
NY 12,273954.0,58314.0,6785.0,339053.0,80.8,17.2,2.0,-63.6
NY 13,188808.0,46800.0,3932.0,239540.0,78.82,19.54,1.64,-59.3
NY 14,131879.0,67385.0,3859.0,203123.0,64.93,33.17,1.9,-31.8
NY 15,137445.0,47283.0,2112.0,186840.0,73.56,25.31,1.13,-48.3
NY 16,216167.0,108141.0,1990.0,326298.0,66.25,33.14,0.61,-33.1
NY 17,194302.0,192139.0,2902.0,389343.0,49.91,49.35,0.75,-0.6
NY 18,190672.0,178297.0,2437.0,371406.0,51.34,48.01,0.66,-3.3
NY 19,194147.0,187279.0,3483.0,384909.0,50.44,48.66,0.9,-1.8
NY 20,211181.0,158272.0,4481.0,373934.0,56.48,42.33,1.2,-14.1
NY 21,140723.0,214503.0,1820.0,357046.0,39.41,60.08,0.51,20.7
NY 22,194091.0,166358.0,2071.0,362520.0,53.54,45.89,0.57,-7.7
NY 23,154405.0,237453.0,3228.0,395086.0,39.08,60.1,0.82,21.0
NY 24,142999.0,229718.0,2361.0,375078.0,38.13,61.25,0.63,23.1
NY 25,220540.0,151196.0,4220.0,375956.0,58.66,40.22,1.12,-18.4
NY 26,200098.0,134624.0,5064.0,339786.0,58.89,39.62,1.49,-19.3
OH 01,211044.0,185660.0,3923.0,400627.0,52.68,46.34,0.98,-6.3
OH 02,97847.0,278071.0,2855.0,378773.0,25.83,73.41,0.75,47.6
OH 03,249343.0,105192.0,3670.0,358205.0,69.61,29.37,1.02,-40.2
OH 04,126901.0,276506.0,3557.0,406964.0,31.18,67.94,0.87,36.8
OH 05,138264.0,254162.0,3627.0,396053.0,34.91,64.17,0.92,29.3
OH 06,125126.0,253659.0,2984.0,381769.0,32.78,66.44,0.78,33.7
OH 07,185116.0,229610.0,3489.0,418215.0,44.26,54.9,0.83,10.6
OH 08,147398.0,240012.0,3465.0,390875.0,37.71,61.4,0.89,23.7
OH 09,174646.0,200024.0,3539.0,378209.0,46.18,52.89,0.94,6.7
OH 10,176358.0,198059.0,3748.0,378165.0,46.64,52.37,0.99,5.7
OH 11,247399.0,70875.0,2291.0,320565.0,77.18,22.11,0.71,-55.1
OH 12,129839.0,257821.0,3357.0,391017.0,33.21,65.94,0.86,32.7
OH 13,195969.0,195794.0,3590.0,395353.0,49.57,49.52,0.91,-0.0
OH 14,164395.0,236995.0,3435.0,404825.0,40.61,58.54,0.85,17.9
OH 15,164054.0,197676.0,3672.0,365402.0,44.9,54.1,1.0,9.2
OK 01,120251.0,188080.0,6667.0,314998.0,38.18,59.71,2.12,21.5
OK 02,69690.0,250807.0,5124.0,325621.0,21.4,77.02,1.57,55.6
OK 03,73290.0,196570.0,5025.0,274885.0,26.66,71.51,1.83,44.8
OK 04,101433.0,203961.0,5934.0,311328.0,32.58,65.51,1.91,32.9
OK 05,134935.0,196796.0,7610.0,339341.0,39.76,57.99,2.24,18.2
OR 01,245702.0,107307.0,15028.0,368037.0,66.76,29.16,4.08,-37.6
OR 02,128140.0,227486.0,11546.0,367172.0,34.9,61.96,3.14,27.1
OR 03,248433.0,88226.0,14581.0,351240.0,70.73,25.12,4.15,-45.6
OR 04,211870.0,164979.0,14468.0,391317.0,54.14,42.16,3.7,-12.0
OR 05,218398.0,182440.0,15449.0,416287.0,52.46,43.83,3.71,-8.6
OR 06,188844.0,149147.0,13353.0,351344.0,53.75,42.45,3.8,-11.3
PA 01,235100.0,233597.0,4608.0,473305.0,49.67,49.35,0.97,-0.3
PA 02,198759.0,93169.0,3513.0,295441.0,67.28,31.54,1.19,-35.7
PA 03,346947.0,42317.0,4746.0,394010.0,88.06,10.74,1.2,-77.3
PA 04,268397.0,194494.0,4860.0,467751.0,57.38,41.58,1.04,-15.8
PA 05,267157.0,147219.0,4404.0,418780.0,63.79,35.15,1.05,-28.6
PA 06,234627.0,186142.0,4344.0,425113.0,55.19,43.79,1.02,-11.4
PA 07,196712.0,209881.0,4380.0,410973.0,47.86,51.07,1.07,3.2
PA 08,177079.0,210231.0,3127.0,390437.0,45.35,53.85,0.8,8.5
PA 09,121858.0,272905.0,3592.0,398355.0,30.59,68.51,0.9,37.9
PA 10,192789.0,214275.0,4729.0,411793.0,46.82,52.03,1.15,5.2
PA 11,160185.0,248335.0,4039.0,412559.0,38.83,60.19,0.98,21.4
PA 12,253683.0,171396.0,3970.0,429049.0,59.13,39.95,0.93,-19.2
PA 13,110793.0,298896.0,3308.0,412997.0,26.83,72.37,0.8,45.5
PA 14,138822.0,279264.0,2996.0,421082.0,32.97,66.32,0.71,33.4
PA 15,121641.0,272777.0,3309.0,397727.0,30.58,68.58,0.83,38.0
PA 16,159531.0,254618.0,3526.0,417675.0,38.2,60.96,0.84,22.8
PA 17,238962.0,213792.0,4345.0,457099.0,52.28,46.77,0.95,-5.5
RI 01,140828.0,88795.0,6420.0,236043.0,59.66,37.62,2.72,-22.0
RI 02,144328.0,125611.0,7390.0,277329.0,52.04,45.29,2.66,-6.7
SC 01,170913.0,222767.0,6068.0,399748.0,42.76,55.73,1.52,13.0
SC 02,154676.0,205609.0,5470.0,365755.0,42.29,56.21,1.5,13.9
SC 03,99185.0,252653.0,4528.0,356366.0,27.83,70.9,1.27,43.1
SC 04,132541.0,216081.0,5727.0,354349.0,37.4,60.98,1.62,23.6
SC 05,141507.0,226471.0,5071.0,373049.0,37.93,60.71,1.36,22.8
SC 06,189949.0,119120.0,5024.0,314093.0,60.48,37.93,1.6,-22.6
SC 07,139681.0,241046.0,4052.0,384779.0,36.3,62.65,1.05,26.3
SD 01,146859.0,272081.0,9982.0,428922.0,34.24,63.43,2.33,29.2
TN 01,71641.0,273119.0,3569.0,348328.0,20.57,78.41,1.02,57.8
TN 02,118782.0,242988.0,5048.0,366818.0,32.38,66.24,1.38,33.9
TN 03,113481.0,243122.0,4735.0,361338.0,31.41,67.28,1.31,35.9
TN 04,93024.0,239838.0,4025.0,336886.0,27.61,71.19,1.19,43.6
TN 05,148953.0,215598.0,5924.0,370476.0,40.21,58.2,1.6,18.0
TN 06,115402.0,241384.0,4489.0,361274.0,31.94,66.81,1.24,34.9
TN 07,127832.0,202528.0,4875.0,335235.0,38.13,60.41,1.45,22.3
TN 08,100646.0,243930.0,3956.0,348532.0,28.88,69.99,1.14,41.1
TN 09,166505.0,64358.0,4192.0,235055.0,70.84,27.38,1.78,-43.5
TX 01,78554.0,246341.0,2867.0,327762.0,23.97,75.16,0.87,51.2
TX 02,124591.0,203572.0,4133.0,332296.0,37.49,61.26,1.24,23.8
TX 03,153496.0,232845.0,10745.0,397086.0,38.66,58.64,2.71,20.0
TX 04,120188.0,239000.0,6584.0,365772.0,32.86,65.34,1.8,32.5
TX 05,111027.0,194765.0,4172.0,309964.0,35.82,62.83,1.35,27.0
TX 06,104283.0,188788.0,3898.0,296969.0,35.12,63.57,1.31,28.5
TX 07,148939.0,96446.0,7775.0,253160.0,58.83,38.1,3.07,-20.7
TX 08,113192.0,231430.0,4516.0,349138.0,32.42,66.29,1.29,33.9
TX 09,169152.0,64547.0,3789.0,237488.0,71.23,27.18,1.6,-44.0
TX 10,131832.0,220455.0,5662.0,357949.0,36.83,61.59,1.58,24.8
TX 11,71371.0,192256.0,2770.0,266397.0,26.79,72.17,1.04,45.4
TX 12,131637.0,209675.0,4231.0,345543.0,38.1,60.68,1.22,22.6
TX 13,77647.0,222444.0,3246.0,303337.0,25.6,73.33,1.07,47.7
TX 14,101609.0,208133.0,3334.0,313076.0,32.46,66.48,1.06,34.0
TX 15,93470.0,134492.0,1985.0,229947.0,40.65,58.49,0.86,17.8
TX 16,132189.0,95314.0,3432.0,230935.0,57.24,41.27,1.49,-16.0
TX 17,105151.0,193379.0,3684.0,302214.0,34.79,63.99,1.22,29.2
TX 18,154658.0,65672.0,3386.0,223716.0,69.13,29.36,1.51,-39.8
TX 19,66862.0,212708.0,2764.0,282334.0,23.68,75.34,0.98,51.7
TX 20,147731.0,95409.0,3472.0,246612.0,59.9,38.69,1.41,-21.2
TX 21,163529.0,266214.0,5749.0,435492.0,37.55,61.13,1.32,23.6
TX 22,136415.0,204250.0,7520.0,348185.0,39.18,58.66,2.16,19.5
TX 23,127466.0,174884.0,3611.0,305961.0,41.66,57.16,1.18,15.5
TX 24,157912.0,217060.0,7398.0,382370.0,41.3,56.77,1.93,15.5
TX 25,106958.0,231281.0,4258.0,342497.0,31.23,67.53,1.24,36.3
TX 26,149357.0,242431.0,5673.0,397461.0,37.58,60.99,1.43,23.4
TX 27,99365.0,184202.0,2742.0,286309.0,34.71,64.34,0.96,29.6
TX 28,114995.0,133220.0,2737.0,250952.0,45.82,53.09,1.09,7.3
TX 29,92820.0,61054.0,1914.0,155788.0,59.58,39.19,1.23,-20.4
TX 30,185466.0,65876.0,4242.0,255584.0,72.57,25.77,1.66,-46.8
TX 31,142612.0,230599.0,6324.0,379535.0,37.58,60.76,1.67,23.2
TX 32,145115.0,88312.0,7103.0,240530.0,60.33,36.72,2.95,-23.6
TX 33,113651.0,55269.0,4443.0,173363.0,65.56,31.88,2.56,-33.7
TX 34,96999.0,106063.0,1854.0,204916.0,47.34,51.76,0.9,4.4
TX 35,176214.0,86521.0,5104.0,267839.0,65.79,32.3,1.91,-33.5
TX 36,94136.0,205595.0,3419.0,303150.0,31.05,67.82,1.13,36.8
TX 37,259547.0,85851.0,9098.0,354496.0,73.22,24.22,2.57,-49.0
TX 38,134998.0,207050.0,6357.0,348405.0,38.75,59.43,1.82,20.7
UT 01,144821.0,220203.0,11134.0,376158.0,38.5,58.54,2.96,20.0
UT 02,140202.0,214067.0,9281.0,363550.0,38.56,58.88,2.55,20.3
UT 03,146114.0,218568.0,10450.0,375132.0,38.95,58.26,2.79,19.3
UT 04,131429.0,230980.0,10702.0,373111.0,35.23,61.91,2.87,26.7
VA 01,227074.0,250992.0,8525.0,486591.0,46.67,51.58,1.75,4.9
VA 02,203215.0,204280.0,6689.0,414184.0,49.06,49.32,1.61,0.3
VA 03,213089.0,102194.0,5646.0,320929.0,66.4,31.84,1.76,-34.6
VA 04,250985.0,125928.0,6822.0,383735.0,65.41,32.82,1.78,-32.6
VA 05,191693.0,246006.0,6390.0,444089.0,43.17,55.4,1.44,12.2
VA 06,154343.0,252663.0,6553.0,413559.0,37.32,61.09,1.58,23.8
VA 07,203210.0,191700.0,9154.0,404064.0,50.29,47.44,2.27,-2.8
VA 08,285004.0,92725.0,12487.0,390216.0,73.04,23.76,3.2,-49.3
VA 09,112210.0,291613.0,4723.0,408546.0,27.47,71.38,1.16,43.9
VA 10,221133.0,186201.0,13200.0,420534.0,52.58,44.28,3.14,-8.3
VA 11,273439.0,130783.0,15272.0,419494.0,65.18,31.18,3.64,-34.0
VT 01,235791.0,119395.0,11203.0,366389.0,64.36,32.59,3.06,-31.8
WA 01,232691.0,126084.0,15625.0,374400.0,62.15,33.68,4.17,-28.5
WA 02,254400.0,154441.0,16277.0,425118.0,59.84,36.33,3.83,-23.5
WA 03,197986.0,211907.0,14310.0,424203.0,46.67,49.95,3.37,3.3
WA 04,119032.0,183219.0,10073.0,312324.0,38.11,58.66,3.23,20.6
WA 05,173909.0,217375.0,14538.0,405822.0,42.85,53.56,3.58,10.7
WA 06,251826.0,168264.0,16230.0,436320.0,57.72,38.56,3.72,-19.2
WA 07,373392.0,47188.0,17044.0,437624.0,85.32,10.78,3.89,-74.5
WA 08,218294.0,193710.0,16595.0,428599.0,50.93,45.2,3.87,-5.7
WA 09,219426.0,88121.0,13058.0,320605.0,68.44,27.49,4.07,-41.0
WA 10,204893.0,140614.0,13721.0,359228.0,57.04,39.14,3.82,-17.9
WI 01,189560.0,207736.0,6933.0,404229.0,46.89,51.39,1.72,4.5
WI 02,324784.0,136735.0,8089.0,469608.0,69.16,29.12,1.72,-40.0
WI 03,191708.0,222857.0,7176.0,421741.0,45.46,52.84,1.7,7.4
WI 04,258176.0,80483.0,7045.0,345704.0,74.68,23.28,2.04,-51.4
WI 05,183713.0,290101.0,7789.0,481603.0,38.15,60.24,1.62,22.1
WI 06,175452.0,245778.0,6539.0,427769.0,41.02,57.46,1.53,16.4
WI 07,167604.0,266844.0,7362.0,441810.0,37.94,60.4,1.67,22.5
WI 08,177232.0,247092.0,6130.0,430454.0,41.17,57.4,1.42,16.2
WV 01,98066.0,259831.0,6765.0,364662.0,26.89,71.25,1.86,44.4
WV 02,116243.0,273725.0,7760.0,397728.0,29.23,68.82,1.95,39.6
WY 01,69527.0,192633.0,4193.0,266353.0,26.1,72.32,1.57,46.2
